City,Locality,Property Type,Built-up Area (sqft),Price per Sqft (INR)S,Bedrooms (BHK),Bathrooms,Property Age (Years),Facing,Furnishing Status,Car Parking,Distance to Metro (km),Distance to IT Hub (km),Nearby Schools (count),Nearby Hospitals (count),Monthly Maintenance (INR),Rental Yield (%),Estimated Sale Price (INR),Buyer Attraction Score (1-10)
Hyderabad,Banjara Hills,Independent House,1283,"₹ 7,461",3,3,2,North,Fully Furnished,No,3.9,1,5,1,"₹ 6,326",4.77,"₹ 95,72,463",10
Hyderabad,Kondapur,Independent House,1263,"₹ 9,473",3,1,17,West,Unfurnished,No,4.6,2.4,6,1,"₹ 7,835",5.58,"₹ 1,19,64,399",10
Hyderabad,Nizampet,Independent House,2598,"₹ 8,933",3,2,18,West,Unfurnished,Yes,0.7,9,5,4,"₹ 2,540",4.17,"₹ 2,32,07,934",10
Hyderabad,Jubilee Hills,Independent House,2231,"₹ 8,277",4,1,18,East,Unfurnished,Yes,6.2,1.5,4,5,"₹ 2,417",2.53,"₹ 1,84,65,987",7.5
Hyderabad,Kukatpally,Independent House,2095,"₹ 7,369",2,1,4,West,Fully Furnished,No,3.7,7.4,1,2,"₹ 2,385",2.56,"₹ 1,54,38,055",10
Hyderabad,Banjara Hills,Independent House,1736,"₹ 7,734",2,2,17,South,Fully Furnished,No,4.3,3.3,4,3,"₹ 4,252",5.09,"₹ 1,34,26,224",10
Hyderabad,Uppal,Independent House,2453,"₹ 8,291",4,1,9,West,Semi-Furnished,Yes,3.6,5,7,1,"₹ 1,521",3.94,"₹ 2,03,37,823",10
Hyderabad,HITEC City,Independent House,2120,"₹ 5,456",3,3,5,North,Semi-Furnished,Yes,3.3,3.8,1,3,"₹ 6,069",2.9,"₹ 1,15,66,720",10
Hyderabad,Banjara Hills,Independent House,3089,"₹ 8,567",3,1,0,West,Semi-Furnished,No,4.6,4.6,2,3,"₹ 4,691",4.21,"₹ 2,64,63,463",10
Hyderabad,Nizampet,Independent House,1163,"₹ 4,660",2,2,4,East,Unfurnished,Yes,1.4,8.8,6,4,"₹ 7,853",2.29,"₹ 54,19,580",10
Hyderabad,Nizampet,Independent House,1891,"₹ 8,993",3,2,8,West,Unfurnished,Yes,1.6,3.9,1,5,"₹ 3,853",4.62,"₹ 1,70,05,763",10
Hyderabad,Jubilee Hills,Independent House,2236,"₹ 5,800",1,2,11,North,Semi-Furnished,No,6.9,7,7,1,"₹ 6,299",3.21,"₹ 1,29,68,800",8.9
Hyderabad,Kukatpally,Independent House,1298,"₹ 9,411",2,1,13,North,Unfurnished,Yes,7.6,6,7,3,"₹ 2,186",5.59,"₹ 1,22,15,478",8.9
Hyderabad,Kondapur,Independent House,2760,"₹ 8,487",3,2,1,South,Semi-Furnished,Yes,3.1,8.1,4,1,"₹ 1,784",3.4,"₹ 2,34,24,120",10
Hyderabad,Jubilee Hills,Independent House,601,"₹ 6,027",2,2,16,West,Fully Furnished,No,2.3,11.3,5,2,"₹ 6,311",4.05,"₹ 36,22,227",10
Hyderabad,Jubilee Hills,Independent House,1241,"₹ 9,754",1,1,13,North,Semi-Furnished,Yes,5.2,8.9,1,4,"₹ 5,247",2.05,"₹ 1,21,04,714",8.5
Hyderabad,HITEC City,Independent House,2867,"₹ 5,718",2,3,12,East,Fully Furnished,No,3.4,3,6,2,"₹ 2,262",2.33,"₹ 1,63,93,506",10
Hyderabad,Miyapur,Independent House,2189,"₹ 8,996",2,1,8,South,Unfurnished,Yes,0.4,0.9,1,1,"₹ 6,846",3.77,"₹ 1,96,92,244",10
Hyderabad,Kukatpally,Independent House,1454,"₹ 9,235",2,2,14,East,Semi-Furnished,Yes,1.4,3.5,3,1,"₹ 6,543",4.16,"₹ 1,34,27,690",10
Hyderabad,Madhapur,Independent House,2359,"₹ 7,604",2,2,14,West,Unfurnished,Yes,5.8,7.3,5,5,"₹ 3,928",4.7,"₹ 1,79,37,836",10
Hyderabad,Jubilee Hills,Independent House,3032,"₹ 7,235",1,1,10,West,Fully Furnished,No,5.3,1.1,6,3,"₹ 4,007",3.31,"₹ 2,19,36,520",9.3
Hyderabad,LB Nagar,Independent House,2261,"₹ 9,055",4,3,15,West,Fully Furnished,Yes,0.4,6.2,6,3,"₹ 6,626",5.13,"₹ 2,04,73,355",10
Hyderabad,Miyapur,Independent House,1753,"₹ 5,454",2,2,16,South,Fully Furnished,No,1.9,7.4,2,2,"₹ 1,528",5.87,"₹ 95,60,862",10
Hyderabad,Madhapur,Independent House,1676,"₹ 9,065",2,2,3,North,Unfurnished,No,2,4.3,4,4,"₹ 2,406",5.51,"₹ 1,51,92,940",10
Hyderabad,LB Nagar,Independent House,2307,"₹ 7,946",3,2,0,South,Unfurnished,Yes,5.4,9.4,2,3,"₹ 4,604",2.18,"₹ 1,83,31,422",8.5
Hyderabad,Kukatpally,Independent House,3377,"₹ 5,545",2,1,7,East,Unfurnished,Yes,0.4,1.7,6,5,"₹ 7,722",4.16,"₹ 1,87,25,465",10
Hyderabad,Gachibowli,Independent House,2295,"₹ 6,193",3,2,16,South,Unfurnished,Yes,1,1.4,5,2,"₹ 5,499",2.47,"₹ 1,42,12,935",10
Hyderabad,LB Nagar,Independent House,2333,"₹ 7,936",4,3,2,East,Fully Furnished,Yes,6.4,8.9,1,2,"₹ 4,494",3.09,"₹ 1,85,14,688",9.2
Hyderabad,Uppal,Independent House,2039,"₹ 5,062",1,2,19,South,Fully Furnished,No,1.6,6.2,1,5,"₹ 4,006",6.44,"₹ 1,03,21,418",10
Hyderabad,Miyapur,Independent House,2894,"₹ 6,985",1,2,14,North,Semi-Furnished,No,5.3,8.4,5,4,"₹ 6,165",2.64,"₹ 2,02,14,590",10
Hyderabad,LB Nagar,Independent House,1435,"₹ 7,854",4,3,14,East,Semi-Furnished,Yes,2.1,5.5,6,5,"₹ 7,602",4.24,"₹ 1,12,70,490",10
Hyderabad,Manikonda,Independent House,802,"₹ 4,725",1,2,13,West,Unfurnished,Yes,1,3.3,7,4,"₹ 5,109",4.78,"₹ 37,89,450",10
Hyderabad,Gachibowli,Independent House,722,"₹ 9,393",4,1,13,West,Fully Furnished,Yes,2.1,9.9,1,5,"₹ 5,053",5.16,"₹ 67,81,746",10
Hyderabad,Nizampet,Independent House,1000,"₹ 5,459",4,1,1,South,Fully Furnished,Yes,5.8,9.7,7,5,"₹ 2,953",4.52,"₹ 54,59,000",10
Hyderabad,Nizampet,Independent House,1366,"₹ 9,048",4,1,12,West,Fully Furnished,Yes,6.9,8.5,1,1,"₹ 6,333",2.04,"₹ 1,23,59,568",8.6
Hyderabad,Uppal,Independent House,893,"₹ 7,567",1,3,13,East,Semi-Furnished,No,6.7,3.6,1,2,"₹ 4,856",3.47,"₹ 67,57,331",7.7
Hyderabad,LB Nagar,Independent House,2927,"₹ 5,315",3,2,18,West,Semi-Furnished,Yes,3.3,7.3,4,5,"₹ 2,015",4.33,"₹ 1,55,57,005",10
Hyderabad,LB Nagar,Independent House,797,"₹ 9,254",4,1,6,North,Fully Furnished,No,5.4,4.7,4,5,"₹ 7,596",2.4,"₹ 73,75,438",8.6
Hyderabad,HITEC City,Independent House,2530,"₹ 9,142",2,3,2,North,Fully Furnished,No,1.8,1.6,3,3,"₹ 1,538",3.58,"₹ 2,31,29,260",10
Hyderabad,LB Nagar,Independent House,3399,"₹ 9,811",1,2,14,South,Fully Furnished,No,2.5,11,2,2,"₹ 4,842",2.15,"₹ 3,33,47,589",10
Hyderabad,Banjara Hills,Independent House,2791,"₹ 7,620",4,3,13,East,Semi-Furnished,Yes,7.2,2.1,5,3,"₹ 2,386",2.35,"₹ 2,12,67,420",6.6
Hyderabad,Kondapur,Independent House,1208,"₹ 4,516",4,1,10,North,Fully Furnished,No,0.3,11.4,5,2,"₹ 4,344",3.79,"₹ 54,55,328",10
Hyderabad,Manikonda,Independent House,1747,"₹ 5,743",2,1,14,North,Fully Furnished,No,0.9,5.6,5,3,"₹ 3,704",2.6,"₹ 1,00,33,021",10
Hyderabad,HITEC City,Independent House,786,"₹ 6,705",3,1,12,East,Unfurnished,Yes,1.8,2.6,3,5,"₹ 2,598",4.55,"₹ 52,70,130",10
Hyderabad,Kukatpally,Independent House,3111,"₹ 7,024",3,3,17,West,Unfurnished,No,0.4,6.7,4,5,"₹ 3,323",5.1,"₹ 2,18,51,664",10
Hyderabad,HITEC City,Independent House,2394,"₹ 5,569",3,3,5,West,Semi-Furnished,Yes,1.6,10.5,6,1,"₹ 4,701",5.6,"₹ 1,33,32,186",10
Hyderabad,Banjara Hills,Independent House,1259,"₹ 7,944",4,1,2,South,Fully Furnished,Yes,4.7,8.9,7,3,"₹ 7,306",2.9,"₹ 1,00,01,496",10
Hyderabad,Kukatpally,Independent House,3411,"₹ 7,065",4,3,18,West,Fully Furnished,No,3.5,9.8,7,4,"₹ 6,569",2.75,"₹ 2,40,98,715",9.9
Hyderabad,Manikonda,Independent House,2555,"₹ 5,560",4,1,14,East,Unfurnished,Yes,7.2,8.1,6,1,"₹ 4,655",2.47,"₹ 1,42,05,800",8.1
Hyderabad,Banjara Hills,Independent House,3050,"₹ 6,827",1,1,4,North,Semi-Furnished,Yes,6.6,8.5,3,3,"₹ 4,593",4.86,"₹ 2,08,22,350",10
Hyderabad,Madhapur,Independent House,1969,"₹ 7,920",2,2,9,West,Unfurnished,Yes,2.9,10.3,6,3,"₹ 5,030",5.18,"₹ 1,55,94,480",10
Hyderabad,Kondapur,Independent House,2586,"₹ 4,801",4,3,6,South,Unfurnished,Yes,2.2,3.4,5,1,"₹ 7,158",2.14,"₹ 1,24,15,386",10
Hyderabad,Manikonda,Independent House,2134,"₹ 8,776",2,1,16,West,Unfurnished,Yes,3.2,6.1,2,5,"₹ 5,278",6.21,"₹ 1,87,27,984",10
Hyderabad,LB Nagar,Independent House,746,"₹ 5,106",2,1,6,East,Unfurnished,Yes,4.8,3,1,3,"₹ 4,396",2.23,"₹ 38,09,076",9.5
Hyderabad,Madhapur,Independent House,2334,"₹ 7,670",3,3,11,South,Fully Furnished,Yes,2.3,11.9,7,5,"₹ 4,953",4.44,"₹ 1,79,01,780",10
Hyderabad,Uppal,Independent House,2443,"₹ 5,199",1,2,16,West,Fully Furnished,Yes,5.1,11.4,4,1,"₹ 5,011",5.19,"₹ 1,27,01,157",10
Hyderabad,Manikonda,Independent House,1088,"₹ 9,588",4,2,12,South,Unfurnished,Yes,3.4,1,4,5,"₹ 2,488",5.92,"₹ 1,04,31,744",10
Hyderabad,Uppal,Independent House,2559,"₹ 5,639",3,1,19,East,Semi-Furnished,No,4.5,8.6,3,2,"₹ 5,616",5.21,"₹ 1,44,30,201",10
Hyderabad,Kukatpally,Independent House,2263,"₹ 4,690",3,3,3,North,Semi-Furnished,Yes,3.6,11.1,4,4,"₹ 7,946",5.61,"₹ 1,06,13,470",10
Hyderabad,Madhapur,Independent House,3198,"₹ 6,800",4,2,9,East,Semi-Furnished,Yes,2.5,2.6,5,3,"₹ 6,464",3.53,"₹ 2,17,46,400",10
Hyderabad,Kondapur,Independent House,2985,"₹ 5,480",2,3,2,East,Semi-Furnished,Yes,7.6,7,7,4,"₹ 5,526",5.67,"₹ 1,63,57,800",10
Hyderabad,LB Nagar,Independent House,1240,"₹ 7,475",3,3,8,East,Unfurnished,Yes,6.2,11,6,5,"₹ 5,679",2.36,"₹ 92,69,000",8.9
Hyderabad,LB Nagar,Independent House,2402,"₹ 5,684",2,1,12,East,Fully Furnished,Yes,1.3,0.9,5,3,"₹ 3,182",6.03,"₹ 1,36,52,968",10
Hyderabad,Banjara Hills,Independent House,3120,"₹ 7,827",1,2,17,North,Semi-Furnished,No,7,8.5,3,5,"₹ 7,572",4.46,"₹ 2,44,20,240",9.6
Hyderabad,LB Nagar,Independent House,2569,"₹ 7,894",2,1,14,North,Unfurnished,Yes,4,3.9,5,2,"₹ 7,006",5.68,"₹ 2,02,79,686",10
Hyderabad,Jubilee Hills,Independent House,2798,"₹ 4,627",1,2,3,South,Semi-Furnished,Yes,7.2,11.1,6,1,"₹ 7,126",4.04,"₹ 1,29,46,346",7.7
Hyderabad,HITEC City,Independent House,2038,"₹ 6,565",2,2,14,West,Semi-Furnished,No,6.4,11.7,2,3,"₹ 6,165",4.9,"₹ 1,33,79,470",10
Hyderabad,Gachibowli,Independent House,2234,"₹ 6,316",3,2,1,North,Unfurnished,No,3.5,11.4,3,2,"₹ 5,463",4.37,"₹ 1,41,09,944",10
Hyderabad,Kondapur,Independent House,862,"₹ 5,069",3,2,14,North,Fully Furnished,No,0.4,6,2,2,"₹ 2,433",5.29,"₹ 43,69,478",10
Hyderabad,Madhapur,Independent House,2387,"₹ 9,942",1,2,7,West,Fully Furnished,No,2.3,10.4,1,3,"₹ 5,098",2.37,"₹ 2,37,31,554",10
Hyderabad,Jubilee Hills,Independent House,2791,"₹ 6,395",4,3,7,North,Unfurnished,Yes,4.4,10.2,2,5,"₹ 4,733",2.27,"₹ 1,78,48,445",10
Hyderabad,Kondapur,Independent House,2993,"₹ 7,233",1,1,16,East,Fully Furnished,Yes,5.1,4.2,1,2,"₹ 3,480",3.11,"₹ 2,16,48,369",10
Hyderabad,Madhapur,Independent House,1223,"₹ 8,363",1,3,11,East,Unfurnished,Yes,2.2,10,1,4,"₹ 3,355",2.72,"₹ 1,02,27,949",10
Hyderabad,Miyapur,Independent House,1616,"₹ 9,221",2,2,18,West,Unfurnished,Yes,1.3,0.9,2,2,"₹ 4,556",5.92,"₹ 1,49,01,136",10
Hyderabad,Miyapur,Independent House,1480,"₹ 8,514",2,1,9,South,Unfurnished,Yes,6.7,7.4,3,5,"₹ 2,292",2.99,"₹ 1,26,00,720",7.4
Hyderabad,Uppal,Independent House,2649,"₹ 7,401",1,2,8,South,Fully Furnished,No,7.9,3.1,6,5,"₹ 2,291",6.39,"₹ 1,96,05,249",8.7
Hyderabad,Kondapur,Independent House,1927,"₹ 6,186",3,1,4,West,Unfurnished,No,4.3,1.9,5,4,"₹ 3,309",3.52,"₹ 1,19,20,422",10
Hyderabad,Miyapur,Independent House,2901,"₹ 7,509",2,3,5,West,Semi-Furnished,Yes,1.5,1.4,5,2,"₹ 6,890",2.82,"₹ 2,17,83,609",10
Hyderabad,Madhapur,Independent House,1052,"₹ 4,654",4,1,19,East,Fully Furnished,No,2.3,8.5,6,5,"₹ 3,755",5.55,"₹ 48,96,008",10
Hyderabad,Uppal,Independent House,1783,"₹ 7,037",2,1,1,South,Fully Furnished,No,0.3,4.4,7,3,"₹ 5,110",4.96,"₹ 1,25,46,971",10
Hyderabad,LB Nagar,Independent House,2656,"₹ 5,909",2,1,12,North,Fully Furnished,No,7.3,8.8,7,1,"₹ 3,107",4.24,"₹ 1,56,94,304",9.7
Hyderabad,Madhapur,Independent House,2282,"₹ 8,557",4,1,5,East,Fully Furnished,Yes,1.1,1.3,1,1,"₹ 6,679",4.5,"₹ 1,95,27,074",10
Hyderabad,Uppal,Independent House,3463,"₹ 5,284",1,1,4,West,Semi-Furnished,Yes,4.7,4.1,1,1,"₹ 2,484",5.24,"₹ 1,82,98,492",10
Hyderabad,Kondapur,Independent House,2855,"₹ 7,675",4,2,0,South,Fully Furnished,Yes,2.3,6.7,3,2,"₹ 7,276",3.03,"₹ 2,19,12,125",10
Hyderabad,Jubilee Hills,Independent House,1754,"₹ 8,841",1,1,5,North,Fully Furnished,No,4.5,9.6,4,4,"₹ 5,176",6.48,"₹ 1,55,07,114",10
Hyderabad,Banjara Hills,Independent House,1003,"₹ 7,306",1,1,5,North,Unfurnished,No,5.3,4.2,2,5,"₹ 4,880",6.39,"₹ 73,27,918",10
Hyderabad,LB Nagar,Independent House,2799,"₹ 5,037",1,3,15,East,Fully Furnished,Yes,6.7,7.7,1,3,"₹ 2,019",4.93,"₹ 1,40,98,563",10
Hyderabad,Manikonda,Independent House,2701,"₹ 6,341",4,1,3,South,Semi-Furnished,No,1.8,10.7,5,3,"₹ 2,090",2.9,"₹ 1,71,27,041",10
Hyderabad,Jubilee Hills,Independent House,2296,"₹ 9,516",1,3,10,South,Semi-Furnished,No,0.3,7.6,3,2,"₹ 2,550",5.06,"₹ 2,18,48,736",10
Hyderabad,Kukatpally,Independent House,1227,"₹ 6,955",3,2,8,West,Semi-Furnished,Yes,1.3,3.2,2,1,"₹ 7,305",2.32,"₹ 85,33,785",10
Hyderabad,Madhapur,Independent House,1186,"₹ 5,024",4,1,2,South,Semi-Furnished,Yes,7.2,0.8,3,2,"₹ 5,133",2.14,"₹ 59,58,464",7.4
Hyderabad,Kukatpally,Independent House,2248,"₹ 7,450",3,3,18,South,Fully Furnished,Yes,7,10.5,2,4,"₹ 7,631",3.16,"₹ 1,67,47,600",9.3
Hyderabad,Jubilee Hills,Independent House,2043,"₹ 8,631",1,3,7,East,Fully Furnished,Yes,4.9,0.7,2,4,"₹ 7,842",4.08,"₹ 1,76,33,133",10
Hyderabad,Uppal,Independent House,2045,"₹ 9,280",2,2,4,South,Semi-Furnished,Yes,4.9,10.6,6,5,"₹ 5,944",5.91,"₹ 1,89,77,600",10
Hyderabad,Manikonda,Independent House,703,"₹ 8,615",1,1,3,North,Semi-Furnished,Yes,5.4,6.6,1,5,"₹ 2,459",5.27,"₹ 60,56,345",10
Hyderabad,LB Nagar,Independent House,853,"₹ 6,868",3,1,5,East,Fully Furnished,Yes,1.6,11.3,3,4,"₹ 7,559",5.34,"₹ 58,58,404",10
Hyderabad,LB Nagar,Independent House,3157,"₹ 8,347",3,3,1,East,Semi-Furnished,No,7.3,9.7,3,4,"₹ 2,192",3.91,"₹ 2,63,51,479",7.5
Hyderabad,LB Nagar,Independent House,2096,"₹ 8,995",4,1,19,West,Unfurnished,No,3.5,12,6,4,"₹ 7,155",3.56,"₹ 1,88,53,520",10
Hyderabad,Manikonda,Independent House,698,"₹ 7,201",2,3,10,South,Semi-Furnished,No,3.2,4.5,5,2,"₹ 5,399",3.67,"₹ 50,26,298",10
Hyderabad,Gachibowli,Independent House,2800,"₹ 5,471",4,1,3,West,Semi-Furnished,No,4.2,9.3,5,4,"₹ 5,973",6.44,"₹ 1,53,18,800",10
Vijayawada,Governorpet,Villa,1707,"₹ 5,079",2,3,11,North,Furnished,No,2.9,10.7,7,2,"₹ 3,369",5.9,"₹ 86,69,853",5
Vijayawada,Gunadala,Apartment,2643,"₹ 5,088",2,2,5,North,Semi-Furnished,No,6.5,17.5,4,2,"₹ 4,290",3.8,"₹ 1,34,47,584",8
Vijayawada,Kanuru,Independent House,1842,"₹ 5,079",4,1,17,South,Unfurnished,No,2.7,18.7,4,3,"₹ 1,378",2.6,"₹ 93,55,518",8
Vijayawada,Moghalrajpuram,Apartment,2806,"₹ 4,011",4,3,0,West,Semi-Furnished,No,9.6,7.6,8,5,"₹ 4,134",5.2,"₹ 1,12,54,866",6
Vijayawada,Auto Nagar,Independent House,901,"₹ 5,225",2,1,9,South,Semi-Furnished,No,6.7,10.7,2,3,"₹ 1,608",4.7,"₹ 47,07,725",8
Vijayawada,Patamata,Apartment,1972,"₹ 4,996",2,4,3,South,Semi-Furnished,Yes,7.7,8.6,5,2,"₹ 4,897",4.7,"₹ 98,52,112",8
Vijayawada,Benz Circle,Villa,2462,"₹ 6,963",4,4,13,East,Unfurnished,Yes,4.4,16.5,3,3,"₹ 1,188",4.8,"₹ 1,71,42,906",5
Vijayawada,Ramavarappadu,Apartment,2372,"₹ 5,587",4,2,10,South,Unfurnished,Yes,6.5,8.7,3,3,"₹ 4,957",4.7,"₹ 1,32,52,364",7
Vijayawada,Bhavanipuram,Villa,2033,"₹ 5,490",3,1,14,North,Semi-Furnished,No,2.6,13.9,6,1,"₹ 3,525",2.8,"₹ 1,11,61,170",10
Vijayawada,Ajit Singh Nagar,Apartment,1027,"₹ 6,025",5,3,3,East,Semi-Furnished,No,2.9,6.9,7,4,"₹ 2,898",5.2,"₹ 61,87,675",9
Vijayawada,Enikepadu,Villa,2835,"₹ 6,115",3,4,3,South,Semi-Furnished,Yes,9,9.5,5,2,"₹ 3,935",2.7,"₹ 1,73,36,025",9
Vijayawada,Poranki,Independent House,2625,"₹ 4,586",4,3,20,East,Furnished,Yes,7.4,17.9,3,4,"₹ 4,152",3.5,"₹ 1,20,38,250",10
Vijayawada,Tadepalli,Independent House,1313,"₹ 6,933",5,4,2,South,Unfurnished,No,2.9,16,3,3,"₹ 4,224",5.4,"₹ 91,03,029",10
Vijayawada,Kesarapalli,Villa,949,"₹ 5,681",5,4,18,East,Unfurnished,Yes,3.5,5.9,8,1,"₹ 3,423",4.9,"₹ 53,91,269",9
Vijayawada,Nidamanuru,Independent House,1540,"₹ 4,374",2,1,11,West,Unfurnished,Yes,1.5,7.3,5,2,"₹ 2,924",5.9,"₹ 67,35,960",7
Vijayawada,Gollapudi,Apartment,2263,"₹ 4,111",4,3,4,East,Furnished,No,7.8,14.4,2,4,"₹ 2,987",4.5,"₹ 93,03,193",8
Vijayawada,Vijayawada Railway Colony,Villa,1447,"₹ 6,976",2,1,3,South,Unfurnished,Yes,6.8,11.5,2,5,"₹ 3,991",3.1,"₹ 1,00,94,272",6
Vijayawada,Suryaraopet,Independent House,1798,"₹ 4,932",5,2,5,South,Furnished,No,4.8,16.3,4,1,"₹ 2,220",3,"₹ 88,67,736",7
Vijayawada,Machavaram,Independent House,1220,"₹ 3,507",3,4,9,North,Unfurnished,Yes,4.4,6.1,7,5,"₹ 1,750",3.6,"₹ 42,78,540",5
Vijayawada,Krishna Lanka,Villa,1841,"₹ 6,881",5,4,12,West,Furnished,No,8.5,5.1,5,4,"₹ 1,807",3.5,"₹ 1,26,67,921",5
Madurai,Anna Nagar,Independent House,800,"₹ 3,500",1,1,0,East,Unfurnished,Yes,,4,2,1,"₹ 1,500",2.5,"₹ 28,00,000",6
Madurai,KK Nagar,Independent House,840,"₹ 3,900",2,2,1,East,Semi-Furnished,No,,5.2,3,2,"₹ 2,100",3.1,"₹ 32,76,000",6.8
Madurai,Tallakulam,Independent House,880,"₹ 4,300",3,3,2,East,Fully Furnished,Yes,,6.4,4,3,"₹ 2,700",3.7,"₹ 37,84,000",7.6
Madurai,Mattuthavani,Independent House,920,"₹ 4,700",4,1,3,East,Unfurnished,No,,7.6,5,1,"₹ 3,300",4.3,"₹ 43,24,000",8.4
Madurai,Simmakkal,Independent House,960,"₹ 5,100",1,2,4,East,Semi-Furnished,Yes,,8.8,2,2,"₹ 3,900",4.9,"₹ 48,96,000",9.2
Madurai,Bibikulam,Independent House,1000,"₹ 5,500",2,3,5,East,Fully Furnished,No,,4,3,3,"₹ 1,500",2.5,"₹ 55,00,000",6
Madurai,Thirunagar,Independent House,1040,"₹ 3,500",3,1,6,East,Unfurnished,Yes,,5.2,4,1,"₹ 2,100",3.1,"₹ 36,40,000",6.8
Madurai,Avaniyapuram,Independent House,1080,"₹ 3,900",4,2,7,East,Semi-Furnished,No,,6.4,5,2,"₹ 2,700",3.7,"₹ 42,12,000",7.6
Madurai,Palanganatham,Independent House,1120,"₹ 4,300",1,3,8,East,Fully Furnished,Yes,,7.6,2,3,"₹ 3,300",4.3,"₹ 48,16,000",8.4
Madurai,Iyer Bungalow,Independent House,1160,"₹ 4,700",2,1,9,East,Unfurnished,No,,8.8,3,1,"₹ 3,900",4.9,"₹ 54,52,000",9.2
Madurai,Anna Nagar,Independent House,1200,"₹ 5,100",3,2,10,East,Semi-Furnished,Yes,,4,4,2,"₹ 1,500",2.5,"₹ 61,20,000",6
Madurai,KK Nagar,Independent House,1240,"₹ 5,500",4,3,11,East,Fully Furnished,No,,5.2,5,3,"₹ 2,100",3.1,"₹ 68,20,000",6.8
Madurai,Tallakulam,Independent House,1280,"₹ 3,500",1,1,12,East,Unfurnished,Yes,,6.4,2,1,"₹ 2,700",3.7,"₹ 44,80,000",7.6
Madurai,Mattuthavani,Independent House,1320,"₹ 3,900",2,2,13,East,Semi-Furnished,No,,7.6,3,2,"₹ 3,300",4.3,"₹ 51,48,000",8.4
Madurai,Simmakkal,Independent House,1360,"₹ 4,300",3,3,14,East,Fully Furnished,Yes,,8.8,4,3,"₹ 3,900",4.9,"₹ 58,48,000",9.2
Madurai,Bibikulam,Independent House,1400,"₹ 4,700",4,1,15,East,Unfurnished,No,,4,5,1,"₹ 1,500",2.5,"₹ 65,80,000",6
Madurai,Thirunagar,Independent House,1440,"₹ 5,100",1,2,16,East,Semi-Furnished,Yes,,5.2,2,2,"₹ 2,100",3.1,"₹ 73,44,000",6.8
Madurai,Avaniyapuram,Independent House,1480,"₹ 5,500",2,3,17,East,Fully Furnished,No,,6.4,3,3,"₹ 2,700",3.7,"₹ 81,40,000",7.6
Madurai,Palanganatham,Independent House,1520,"₹ 3,500",3,1,18,East,Unfurnished,Yes,,7.6,4,1,"₹ 3,300",4.3,"₹ 53,20,000",8.4
Madurai,Iyer Bungalow,Independent House,1560,"₹ 3,900",4,2,19,East,Semi-Furnished,No,,8.8,5,2,"₹ 3,900",4.9,"₹ 60,84,000",9.2
Madurai,Anna Nagar,Independent House,1600,"₹ 4,300",1,3,0,East,Fully Furnished,Yes,,4,2,3,"₹ 1,500",2.5,"₹ 68,80,000",6
Madurai,KK Nagar,Independent House,1640,"₹ 4,700",2,1,1,East,Unfurnished,No,,5.2,3,1,"₹ 2,100",3.1,"₹ 77,08,000",6.8
Madurai,Tallakulam,Independent House,1680,"₹ 5,100",3,2,2,East,Semi-Furnished,Yes,,6.4,4,2,"₹ 2,700",3.7,"₹ 85,68,000",7.6
Madurai,Mattuthavani,Independent House,1720,"₹ 5,500",4,3,3,East,Fully Furnished,No,,7.6,5,3,"₹ 3,300",4.3,"₹ 94,60,000",8.4
Madurai,Simmakkal,Independent House,1760,"₹ 3,500",1,1,4,East,Unfurnished,Yes,,8.8,2,1,"₹ 3,900",4.9,"₹ 61,60,000",9.2
Madurai,Bibikulam,Independent House,1800,"₹ 3,900",2,2,5,East,Semi-Furnished,No,,4,3,2,"₹ 1,500",2.5,"₹ 70,20,000",6
Madurai,Thirunagar,Independent House,1840,"₹ 4,300",3,3,6,East,Fully Furnished,Yes,,5.2,4,3,"₹ 2,100",3.1,"₹ 79,12,000",6.8
Madurai,Avaniyapuram,Independent House,1880,"₹ 4,700",4,1,7,East,Unfurnished,No,,6.4,5,1,"₹ 2,700",3.7,"₹ 88,36,000",7.6
Madurai,Palanganatham,Independent House,1920,"₹ 5,100",1,2,8,East,Semi-Furnished,Yes,,7.6,2,2,"₹ 3,300",4.3,"₹ 97,92,000",8.4
Madurai,Iyer Bungalow,Independent House,1960,"₹ 5,500",2,3,9,East,Fully Furnished,No,,8.8,3,3,"₹ 3,900",4.9,"₹ 1,07,80,000",9.2
Chennai,Adyar,Apartment,1520,"₹ 10,850",2.4,2.6,15,East,Fully Furnished,Yes,4.1,7.8,5,3,"₹ 3,300",3.6,"₹ 1,86,00,000",7.7
Chennai,Anna Nagar,Villa,1750,"₹ 10,450",3,3.4,13,West,Fully Furnished,Yes,4,7.6,4,4,"₹ 3,900",3.8,"₹ 2,10,00,000",8
Chennai,Chrompet,Villa,1450,"₹ 10,400",2.8,3.2,17,West,Fully Furnished,Yes,4.6,7.2,5,3,"₹ 3,000",3.6,"₹ 1,55,00,000",7.5
Chennai,Karapakkam,Independent House,1650,"₹ 10,450",2.7,3.2,17,South,Semi-Furnished,Yes,4,8.7,4,2,"₹ 3,650",3.5,"₹ 1,98,00,000",7.6
Chennai,KK Nagar,Apartment,1500,"₹ 10,900",2.6,3.1,16,East,Fully Furnished,Yes,4.1,8.7,5,3,"₹ 3,500",3.5,"₹ 1,88,00,000",7.3
Chennai,OMR,Villa,1850,"₹ 10,320",3,3.5,13,West,Fully Furnished,Yes,4.2,7.2,5,4,"₹ 4,100",3.8,"₹ 1,95,00,000",7.8
Chennai,Porur,Apartment,1450,"₹ 11,020",2.4,2.8,19,West,Fully Furnished,Yes,4.9,9.5,5,3,"₹ 3,300",3.5,"₹ 1,87,00,000",7.2
Chennai,Tambaram,Apartment,1630,"₹ 10,300",2.8,3.2,15,South,Fully Furnished,Yes,4.1,8.5,5,3,"₹ 3,700",3.7,"₹ 1,76,00,000",7.8
Chennai,T Nagar,Villa,1600,"₹ 11,200",2.8,3.2,16,East,Fully Furnished,Yes,3.6,8.1,5,4,"₹ 3,700",3.6,"₹ 2,15,00,000",8
Chennai,Velachery,Apartment,1600,"₹ 10,100",2.6,3,15,East,Unfurnished,No,3.9,8.9,5,3,"₹ 3,700",3.6,"₹ 1,85,00,000",7.9
Chennai,Adyar,Independent House,1580,"₹ 10,300",2.6,2.9,17,North,Unfurnished,No,4.5,8.8,4,2,"₹ 3,400",3.4,"₹ 1,89,00,000",7.4
Chennai,Anna Nagar,Apartment,1650,"₹ 10,200",2.5,3,14,South,Semi-Furnished,Yes,4.2,8,5,3,"₹ 3,700",3.7,"₹ 1,98,00,000",7.9
Chennai,Chrompet,Apartment,1400,"₹ 9,800",2.5,2.8,19,East,Unfurnished,No,5.1,7.9,4,2,"₹ 2,800",3.4,"₹ 1,48,00,000",7.1
Chennai,Karapakkam,Apartment,1550,"₹ 10,600",2.4,2.8,18,West,Unfurnished,No,4.3,9.1,5,3,"₹ 3,500",3.3,"₹ 1,90,00,000",7.3
Chennai,KK Nagar,Independent House,1550,"₹ 10,500",2.6,3,18,North,Unfurnished,No,4.6,9,4,2,"₹ 3,450",3.3,"₹ 1,89,00,000",7.1
Chennai,OMR,Apartment,1700,"₹ 10,100",2.7,3.1,14,South,Semi-Furnished,Yes,4.5,7.6,4,3,"₹ 3,800",3.6,"₹ 1,82,00,000",7.4
Chennai,Porur,Villa,1650,"₹ 10,600",2.9,3.3,17,East,Semi-Furnished,Yes,4.5,8.8,4,4,"₹ 3,600",3.7,"₹ 1,98,00,000",7.6
Chennai,Tambaram,Apartment,1550,"₹ 10,000",2.5,2.9,16,West,Unfurnished,No,4.4,9,5,3,"₹ 3,500",3.5,"₹ 1,70,00,000",7.5
Chennai,T Nagar,Apartment,1490,"₹ 11,070",2.3,2.7,17,North,Semi-Furnished,Yes,3.9,8.6,4,3,"₹ 3,480",3.4,"₹ 2,01,00,000",7.7
Chennai,Velachery,Villa,1850,"₹ 10,200",3.1,3.7,13,South,Semi-Furnished,Yes,3.4,7.6,4,4,"₹ 4,200",3.9,"₹ 2,10,00,000",8.4
Chennai,Adyar,Apartment,1480,"₹ 11,020",2.2,2.4,14,South,Fully Furnished,Yes,3.9,7.5,5,3,"₹ 3,200",3.5,"₹ 1,78,00,000",7.8
Chennai,Anna Nagar,Independent House,1700,"₹ 10,050",2.7,3.2,16,East,Unfurnished,No,4.6,8.9,4,2,"₹ 3,550",3.5,"₹ 2,01,00,000",7.6
Chennai,Chrompet,Apartment,1350,"₹ 10,200",2.6,3,18,North,Semi-Furnished,Yes,4.8,7.4,5,3,"₹ 2,900",3.5,"₹ 1,50,00,000",7.3
Chennai,Karapakkam,Villa,1750,"₹ 10,820",2.9,3.4,16,North,Fully Furnished,Yes,4.1,8.4,4,4,"₹ 3,800",3.6,"₹ 2,05,00,000",7.7
Chennai,KK Nagar,Apartment,1450,"₹ 11,020",2.4,2.9,17,South,Fully Furnished,Yes,4.3,8.9,5,3,"₹ 3,400",3.4,"₹ 1,82,00,000",7.2
Chennai,OMR,Independent House,1750,"₹ 10,050",2.8,3.2,14,East,Semi-Furnished,Yes,4.6,7.9,5,2,"₹ 3,900",3.5,"₹ 1,85,00,000",7.5
Chennai,Porur,Apartment,1500,"₹ 10,800",2.6,2.9,18,North,Unfurnished,Yes,4.7,9.2,5,3,"₹ 3,350",3.6,"₹ 1,91,00,000",7.3
Chennai,Tambaram,Villa,1750,"₹ 10,120",3,3.6,14,North,Semi-Furnished,Yes,3.9,8,4,4,"₹ 3,950",3.8,"₹ 1,85,00,000",8
Chennai,T Nagar,Apartment,1450,"₹ 10,900",2.2,2.5,18,South,Unfurnished,No,4.1,9,4,3,"₹ 3,400",3.3,"₹ 1,95,00,000",7.4
Chennai,Velachery,Independent House,1750,"₹ 10,300",2.8,3.4,14,West,Fully Furnished,Yes,3.7,8.3,4,2,"₹ 4,000",3.7,"₹ 1,99,00,000",8.1
Chennai,Anna Nagar,Apartment,1600,"₹ 10,180",2.4,2.9,15,North,Semi-Furnished,Yes,4.4,8.2,5,3,"₹ 3,600",3.6,"₹ 1,94,00,000",7.8
Chennai,Chrompet,Independent House,1380,"₹ 10,100",2.6,3,18,South,Semi-Furnished,Yes,4.9,7.6,4,2,"₹ 2,950",3.5,"₹ 1,52,00,000",7.4
Chennai,Karapakkam,Apartment,1600,"₹ 11,000",2.5,2.9,17,East,Semi-Furnished,Yes,3.8,8.9,5,3,"₹ 3,600",3.4,"₹ 1,96,00,000",7.5
Chennai,KK Nagar,Villa,1600,"₹ 10,750",2.8,3.3,15,West,Semi-Furnished,Yes,4,8.2,4,4,"₹ 3,700",3.6,"₹ 1,95,00,000",7.5
Chennai,OMR,Apartment,1650,"₹ 9,950",2.5,2.9,15,North,Unfurnished,No,4.8,8.1,4,3,"₹ 3,600",3.4,"₹ 1,75,00,000",7.2
Chennai,Porur,Independent House,1550,"₹ 10,400",2.7,3.1,18,South,Unfurnished,No,4.8,9.1,4,2,"₹ 3,400",3.4,"₹ 1,92,00,000",7.1
Chennai,Tambaram,Apartment,1630,"₹ 10,300",2.8,3.2,15,East,Fully Furnished,Yes,4.1,8.5,5,3,"₹ 3,700",3.7,"₹ 1,76,00,000",7.8
Chennai,T Nagar,Villa,1600,"₹ 11,200",2.8,3.2,16,West,Fully Furnished,Yes,3.6,8.1,5,4,"₹ 3,700",3.6,"₹ 2,15,00,000",8
Chennai,Velachery,Apartment,1600,"₹ 10,100",2.6,3,15,North,Unfurnished,No,3.9,8.9,5,3,"₹ 3,700",3.6,"₹ 1,85,00,000",7.9
Chennai,Adyar,Villa,1620,"₹ 10,540",2.8,3.1,16,West,Semi-Furnished,Yes,4.3,8.2,4,4,"₹ 3,500",3.7,"₹ 1,92,00,000",7.5
Port Blair,Haddo,Independent House,1322,"₹ 4,548",1,1,3,North,Unfurnished,No,3.2,18.8,5,2,"₹ 3,289",4.33,"₹ 60,12,456",7.5
Port Blair,Phoenix Bay,Independent House,1548,"₹ 7,144",4,1,23,North,Fully Furnished,No,17.5,16.9,7,3,"₹ 2,452",4.82,"₹ 1,10,58,912",9.7
Port Blair,Haddo,Independent House,1479,"₹ 5,280",1,3,15,East,Fully Furnished,Yes,6.2,10.7,1,4,"₹ 4,501",4.69,"₹ 78,09,120",9.3
Port Blair,Phoenix Bay,Independent House,2316,"₹ 7,469",1,3,0,North,Semi-Furnished,No,13.8,5.5,2,1,"₹ 5,142",4.15,"₹ 1,72,98,204",9.5
Port Blair,Junglighat,Independent House,1169,"₹ 7,636",2,1,14,West,Semi-Furnished,No,7.5,5.9,1,5,"₹ 7,294",2.82,"₹ 89,26,484",9
Port Blair,Junglighat,Independent House,1801,"₹ 6,037",4,2,1,East,Fully Furnished,No,13.4,10.7,2,2,"₹ 4,058",6.6,"₹ 1,08,72,637",9.2
Port Blair,Junglighat,Independent House,599,"₹ 9,141",4,2,22,South,Semi-Furnished,Yes,14.6,19.8,6,4,"₹ 4,045",5.57,"₹ 54,75,459",8.3
Port Blair,Phoenix Bay,Independent House,958,"₹ 7,253",2,2,16,West,Semi-Furnished,No,16.8,6.2,2,5,"₹ 1,644",3.6,"₹ 69,48,374",9.1
Port Blair,Junglighat,Independent House,1610,"₹ 5,130",3,1,21,North,Semi-Furnished,No,2.8,12,7,5,"₹ 3,046",5.48,"₹ 82,59,300",7.6
Gangtok,Upper Syari,Independent House,2322,"₹ 9,911",3,3,16,West,Semi-Furnished,Yes,11.2,10.3,4,3,"₹ 3,464",5.3,"₹ 2,30,13,342",8.8
Gangtok,Ranipool,Independent House,788,"₹ 10,949",1,3,5,West,Unfurnished,No,13.8,17.5,5,4,"₹ 3,254",3.72,"₹ 86,27,812",8
Gangtok,Ranipool,Independent House,1981,"₹ 9,110",4,1,11,West,Fully Furnished,No,6.9,3.4,3,3,"₹ 4,140",5.6,"₹ 1,80,46,910",9.1
Gangtok,Tadong,Independent House,2063,"₹ 8,187",4,1,22,North,Semi-Furnished,No,15.2,9.9,3,2,"₹ 4,967",2.49,"₹ 1,68,89,781",9.4
Gangtok,Upper Syari,Independent House,927,"₹ 8,884",3,2,22,North,Unfurnished,No,3.2,8.4,4,4,"₹ 5,707",3.77,"₹ 82,35,468",8.7
Gangtok,Ranipool,Independent House,1649,"₹ 4,889",2,1,13,West,Unfurnished,No,17.5,1.7,4,3,"₹ 1,940",6.54,"₹ 80,61,961",9.6
Gangtok,Upper Syari,Independent House,1186,"₹ 6,352",4,2,9,West,Semi-Furnished,Yes,2.4,8.7,2,4,"₹ 5,426",3.24,"₹ 75,33,472",8.7
Gangtok,Upper Syari,Independent House,1122,"₹ 6,733",2,2,17,South,Fully Furnished,Yes,10.9,10.1,3,4,"₹ 1,697",3.85,"₹ 75,54,426",7.5
Gangtok,Deorali,Independent House,1879,"₹ 4,854",3,1,19,East,Semi-Furnished,No,14.6,15.7,1,1,"₹ 4,905",3.25,"₹ 91,20,666",8.6
Gangtok,Tadong,Independent House,1143,"₹ 5,872",1,2,18,West,Semi-Furnished,Yes,9.4,8.8,3,4,"₹ 4,330",4.53,"₹ 67,11,696",8.5
Gangtok,Upper Syari,Independent House,1965,"₹ 5,874",1,2,16,West,Unfurnished,Yes,9.7,1.9,1,4,"₹ 5,285",4.02,"₹ 1,15,42,410",8.1
Gangtok,Upper Syari,Independent House,1039,"₹ 5,104",2,2,6,East,Semi-Furnished,Yes,7.3,9.8,1,2,"₹ 4,760",6.71,"₹ 53,03,056",9.3
Gangtok,Upper Syari,Independent House,2335,"₹ 7,091",2,3,11,North,Unfurnished,No,14.1,1.5,4,2,"₹ 2,059",4.4,"₹ 1,65,57,485",8.8
Gangtok,Upper Syari,Independent House,1283,"₹ 4,902",2,3,8,East,Fully Furnished,No,3,10.5,5,3,"₹ 3,414",3.15,"₹ 62,89,266",8.5
Aizawl,Bawngkawn,Independent House,2088,"₹ 9,826",4,2,11,East,Fully Furnished,Yes,11.3,15.5,4,4,"₹ 4,897",5.93,"₹ 2,05,16,688",8.4
Aizawl,Durtlang,Independent House,1728,"₹ 9,885",1,3,15,West,Semi-Furnished,No,6.4,1.1,2,3,"₹ 7,296",4.04,"₹ 1,70,81,280",7.7
Aizawl,Zarkawt,Independent House,1717,"₹ 7,340",4,1,21,South,Fully Furnished,Yes,9.8,17.1,6,2,"₹ 3,769",2.52,"₹ 1,26,02,780",8.3
Aizawl,Durtlang,Independent House,2061,"₹ 5,623",1,3,13,North,Semi-Furnished,No,11.6,1.5,3,4,"₹ 7,603",4.17,"₹ 1,15,89,003",9.3
Aizawl,Bawngkawn,Independent House,1046,"₹ 10,873",1,3,7,West,Semi-Furnished,No,5.9,21.2,3,3,"₹ 2,440",2.76,"₹ 1,13,73,158",9.9
Aizawl,Durtlang,Independent House,1560,"₹ 8,017",2,2,15,West,Semi-Furnished,Yes,8.2,2,1,5,"₹ 3,280",4.63,"₹ 1,25,06,520",10
Aizawl,Bethlehem,Independent House,1630,"₹ 9,210",1,2,1,South,Semi-Furnished,No,2.6,14.8,2,3,"₹ 4,566",6.69,"₹ 1,50,12,300",8.1
Aizawl,Chanmari,Independent House,1729,"₹ 5,305",2,2,22,South,Fully Furnished,No,11.5,21.2,5,4,"₹ 2,285",3.64,"₹ 91,72,345",9
Itanagar,Chimpu,Independent House,2442,"₹ 9,423",4,1,12,West,Unfurnished,No,10,8.8,6,5,"₹ 3,367",6.25,"₹ 2,30,10,966",8.3
Itanagar,Chimpu,Independent House,1888,"₹ 4,789",4,2,22,West,Semi-Furnished,No,4.1,1.5,2,3,"₹ 5,702",5.23,"₹ 90,41,632",9.8
Itanagar,Ganga Market,Independent House,2126,"₹ 9,115",3,1,2,North,Semi-Furnished,No,13.4,21.8,4,4,"₹ 2,830",4.07,"₹ 1,93,78,490",7.4
Itanagar,Naharlagun,Independent House,2292,"₹ 10,175",1,2,16,South,Semi-Furnished,No,4.1,16.9,6,1,"₹ 4,652",2.25,"₹ 2,33,21,100",9.4
Itanagar,Chimpu,Independent House,2499,"₹ 7,848",4,1,6,South,Semi-Furnished,Yes,11,16.6,6,3,"₹ 4,687",2.68,"₹ 1,96,12,152",9.1
Itanagar,Lekhi,Independent House,2306,"₹ 9,072",3,1,13,North,Fully Furnished,No,6.7,18.3,6,3,"₹ 5,092",5.01,"₹ 2,09,20,032",8
Itanagar,Ganga Market,Independent House,785,"₹ 5,642",1,2,10,North,Fully Furnished,Yes,17.8,8,6,2,"₹ 5,935",2.79,"₹ 44,28,970",9.5
Itanagar,Borum,Independent House,1356,"₹ 4,911",3,1,10,East,Unfurnished,Yes,7.1,20.9,2,2,"₹ 4,655",4.47,"₹ 66,59,316",8.3
Itanagar,Borum,Independent House,974,"₹ 10,115",1,2,1,East,Unfurnished,No,17.3,10,5,1,"₹ 2,244",5.06,"₹ 98,52,010",7.7
Itanagar,Borum,Independent House,2515,"₹ 6,501",1,2,11,West,Fully Furnished,Yes,4.9,8.4,1,2,"₹ 2,352",3.28,"₹ 1,63,50,015",8.7
Itanagar,Lekhi,Independent House,1974,"₹ 9,532",1,2,15,North,Unfurnished,No,16.6,18.2,6,2,"₹ 7,517",6.53,"₹ 1,88,16,168",8.5
Itanagar,Lekhi,Independent House,2602,"₹ 7,235",3,2,4,North,Fully Furnished,Yes,5.3,9.1,5,5,"₹ 6,040",4.11,"₹ 1,88,25,470",8.5
Itanagar,Chimpu,Independent House,1056,"₹ 5,583",2,1,13,West,Fully Furnished,Yes,16.8,14.1,4,2,"₹ 6,926",6.51,"₹ 58,95,648",8.7
Itanagar,Chimpu,Independent House,913,"₹ 9,991",3,1,22,South,Semi-Furnished,Yes,10.9,15.9,1,1,"₹ 5,507",5.12,"₹ 91,21,783",9.8
Shillong,Police Bazaar,Independent House,1793,"₹ 6,738",3,2,6,North,Semi-Furnished,No,1.1,21.7,7,5,"₹ 3,352",5.58,"₹ 1,20,81,234",8.1
Shillong,Polo,Independent House,810,"₹ 6,998",4,1,20,West,Semi-Furnished,No,8,7.5,7,2,"₹ 3,497",5.14,"₹ 56,68,380",7.3
Shillong,Nongthymmai,Independent House,1651,"₹ 9,626",2,3,11,North,Fully Furnished,Yes,17.1,6.2,4,2,"₹ 2,235",4.77,"₹ 1,58,92,526",8.4
Shillong,Laitumkhrah,Independent House,2126,"₹ 8,020",3,2,15,West,Fully Furnished,No,4.2,3.9,3,5,"₹ 4,324",3.8,"₹ 1,70,50,520",9
Shillong,Nongthymmai,Independent House,2761,"₹ 5,300",4,1,19,South,Unfurnished,Yes,15.4,1.3,2,2,"₹ 1,757",4.81,"₹ 1,46,33,300",7.9
Shillong,Laitumkhrah,Independent House,1828,"₹ 5,408",4,3,23,West,Fully Furnished,Yes,12.3,11.2,2,4,"₹ 6,928",4.65,"₹ 98,85,824",8.7
Shillong,Laitumkhrah,Independent House,1176,"₹ 6,358",1,2,14,West,Fully Furnished,Yes,4,7,4,1,"₹ 5,589",2.75,"₹ 74,77,008",9
Shillong,Laitumkhrah,Independent House,1422,"₹ 10,572",2,3,18,West,Fully Furnished,Yes,1.4,19.7,5,5,"₹ 7,040",2.31,"₹ 1,50,33,384",9.9
Shillong,Polo,Independent House,1278,"₹ 6,299",2,1,19,South,Semi-Furnished,Yes,13,22,7,3,"₹ 2,451",2.73,"₹ 80,50,122",8.3
Shillong,Laitumkhrah,Independent House,711,"₹ 8,574",4,3,22,South,Semi-Furnished,No,0.9,21.2,2,1,"₹ 4,393",4.56,"₹ 60,96,114",9.7
Shillong,Nongthymmai,Independent House,848,"₹ 4,755",3,2,0,East,Semi-Furnished,Yes,16.3,14,6,1,"₹ 6,236",5.32,"₹ 40,32,240",9.8
Shillong,Police Bazaar,Independent House,2309,"₹ 8,152",2,3,20,East,Unfurnished,No,14.2,12.7,5,4,"₹ 6,298",4.86,"₹ 1,88,22,968",7.6
Shillong,Police Bazaar,Independent House,2685,"₹ 10,082",1,3,21,East,Unfurnished,Yes,11.6,4.6,5,3,"₹ 4,776",3.47,"₹ 2,70,70,170",8.2
Shillong,Police Bazaar,Independent House,2209,"₹ 10,096",4,3,19,North,Semi-Furnished,Yes,10.4,9.5,1,5,"₹ 7,433",5.1,"₹ 2,23,02,064",9.7
Puducherry,Muthialpet,Independent House,1815,"₹ 10,957",3,3,15,South,Semi-Furnished,No,9.1,11.8,7,4,"₹ 6,637",6.55,"₹ 1,98,86,955",7.5
Puducherry,Muthialpet,Independent House,1053,"₹ 5,674",1,3,2,South,Semi-Furnished,No,10.3,2.3,4,1,"₹ 7,067",5.6,"₹ 59,74,722",8.4
Puducherry,Lawspet,Independent House,1996,"₹ 5,279",1,2,22,West,Unfurnished,No,12.4,2.7,6,4,"₹ 6,008",3.23,"₹ 1,05,36,884",8
Puducherry,Reddiarpalayam,Independent House,1535,"₹ 6,532",2,2,18,South,Semi-Furnished,No,10.2,18.8,2,4,"₹ 6,996",5.54,"₹ 1,00,26,620",7.6
Puducherry,Reddiarpalayam,Independent House,1315,"₹ 8,297",2,2,7,West,Fully Furnished,Yes,8.8,19.6,1,4,"₹ 4,110",6.02,"₹ 1,09,10,555",8
Puducherry,Muthialpet,Independent House,856,"₹ 9,834",3,3,17,West,Fully Furnished,No,2,14.6,5,5,"₹ 3,355",4.33,"₹ 84,17,904",9
Puducherry,Reddiarpalayam,Independent House,1860,"₹ 6,763",4,2,21,West,Fully Furnished,Yes,15.6,13.2,7,2,"₹ 5,373",4.17,"₹ 1,25,79,180",9.1
Puducherry,Lawspet,Independent House,1139,"₹ 10,839",4,1,22,West,Semi-Furnished,Yes,8.1,6.5,1,2,"₹ 1,551",5.44,"₹ 1,23,45,621",7.5
Puducherry,Reddiarpalayam,Independent House,2775,"₹ 9,629",3,2,0,South,Fully Furnished,Yes,9.1,13.8,3,4,"₹ 5,531",2.63,"₹ 2,67,20,475",9.3
Puducherry,Muthialpet,Independent House,1240,"₹ 7,015",4,3,7,North,Unfurnished,No,8.1,11.7,7,3,"₹ 2,914",4.12,"₹ 86,98,600",7.2
Puducherry,Ariankuppam,Independent House,1250,"₹ 9,050",4,2,9,West,Unfurnished,No,10.3,1.8,4,3,"₹ 4,502",2.71,"₹ 1,13,12,500",9.7
Puducherry,Reddiarpalayam,Independent House,1246,"₹ 5,350",1,3,20,East,Unfurnished,Yes,0.6,2.6,3,1,"₹ 7,131",4.13,"₹ 66,66,100",8.8
Puducherry,White Town,Independent House,602,"₹ 9,023",1,1,4,East,Unfurnished,No,14.8,1.6,7,2,"₹ 5,710",6.59,"₹ 54,31,846",9.7
DNH & DD,Amli,Independent House,1060,"₹ 10,077",2,2,11,North,Semi-Furnished,Yes,17,12.7,6,2,"₹ 4,872",3.32,"₹ 1,06,81,620",9.9
DNH & DD,Khanvel,Independent House,2762,"₹ 5,857",3,2,19,South,Unfurnished,No,16.8,18.4,5,1,"₹ 5,365",3.67,"₹ 1,61,77,034",8.1
DNH & DD,Naroli,Independent House,1812,"₹ 6,697",1,1,5,South,Semi-Furnished,Yes,6.4,10.6,7,1,"₹ 2,772",2.7,"₹ 1,21,34,964",8.5
DNH & DD,Khanvel,Independent House,1741,"₹ 7,408",2,3,20,South,Unfurnished,No,16.3,16.8,1,4,"₹ 3,630",2.74,"₹ 1,28,97,328",7.4
DNH & DD,Naroli,Independent House,990,"₹ 8,658",1,2,9,North,Unfurnished,No,0.6,13.6,6,3,"₹ 4,479",4.21,"₹ 85,71,420",9.4
DNH & DD,Khanvel,Independent House,1405,"₹ 9,480",1,3,15,West,Unfurnished,Yes,1.9,17.4,6,5,"₹ 7,556",4.77,"₹ 1,33,19,400",7.9
DNH & DD,Vapi Road,Independent House,979,"₹ 6,015",4,1,17,South,Unfurnished,No,12.5,12.4,5,3,"₹ 6,715",3.39,"₹ 58,88,685",7.8
DNH & DD,Amli,Independent House,2083,"₹ 6,894",3,2,1,North,Fully Furnished,No,11.3,18.7,6,5,"₹ 1,756",5.17,"₹ 1,43,60,202",9.5
DNH & DD,Vapi Road,Independent House,1135,"₹ 8,599",3,2,6,South,Unfurnished,No,12,16.2,7,3,"₹ 5,438",2.22,"₹ 97,59,865",7.6
Ladakh,Leh Market,Independent House,2440,"₹ 7,781",3,3,8,South,Fully Furnished,No,11.8,13.9,1,3,"₹ 7,863",5.9,"₹ 1,89,85,640",9.4
Ladakh,Khaltsi,Independent House,768,"₹ 6,566",3,2,14,North,Semi-Furnished,No,15.8,16.5,7,3,"₹ 4,406",4.53,"₹ 50,42,688",7.4
Ladakh,Diskit,Independent House,611,"₹ 10,409",2,2,24,North,Fully Furnished,Yes,16.2,18.4,7,4,"₹ 2,467",6,"₹ 63,59,899",7.6
Ladakh,Leh Market,Independent House,1278,"₹ 10,805",2,3,22,North,Fully Furnished,No,0.5,5.9,2,3,"₹ 2,323",4.45,"₹ 1,38,08,790",9.4
Ladakh,Leh Market,Independent House,1021,"₹ 9,936",1,2,19,South,Fully Furnished,Yes,4,3.1,3,1,"₹ 2,062",4.05,"₹ 1,01,44,656",8.2
Ladakh,Leh Market,Independent House,749,"₹ 5,049",4,3,5,South,Fully Furnished,No,14.1,4.6,4,1,"₹ 6,091",5.45,"₹ 37,81,701",8.7
Ladakh,Khaltsi,Independent House,2581,"₹ 9,918",1,2,24,West,Semi-Furnished,Yes,10.7,14.3,1,2,"₹ 3,880",3.94,"₹ 2,55,98,358",9.4
Ladakh,Shey,Independent House,693,"₹ 5,104",3,2,12,South,Fully Furnished,No,16.7,10.2,1,1,"₹ 7,662",3.27,"₹ 35,37,072",8.7
Ladakh,Choglamsar,Independent House,1490,"₹ 5,617",3,1,14,West,Unfurnished,Yes,12.2,9.2,7,3,"₹ 4,663",3.91,"₹ 83,69,330",7.7
Ladakh,Diskit,Independent House,936,"₹ 10,340",2,3,0,North,Unfurnished,No,5.7,9.2,1,2,"₹ 7,750",4.25,"₹ 96,78,240",8.6
Ladakh,Shey,Independent House,1387,"₹ 6,404",4,1,17,South,Fully Furnished,No,7,21.5,6,1,"₹ 7,962",3.09,"₹ 88,82,348",7.7
Lakshadweep,Kavaratti,Independent House,1718,"₹ 6,871",2,3,24,South,Semi-Furnished,Yes,12.5,12.8,3,5,"₹ 2,388",2.53,"₹ 1,18,04,378",9.4
Lakshadweep,Andrott,Independent House,1200,"₹ 10,024",1,2,16,East,Unfurnished,No,10.7,9.5,1,2,"₹ 7,720",5.6,"₹ 1,20,28,800",8.4
Lakshadweep,Agatti,Independent House,1614,"₹ 7,210",4,2,0,West,Fully Furnished,No,13.1,19,7,5,"₹ 7,388",4.07,"₹ 1,16,36,940",8.9
Lakshadweep,Agatti,Independent House,1992,"₹ 6,157",1,2,20,East,Semi-Furnished,Yes,12.4,6.1,6,3,"₹ 4,610",2.36,"₹ 1,22,64,744",8.5
Lakshadweep,Andrott,Independent House,1679,"₹ 8,365",2,3,13,South,Unfurnished,Yes,15.2,6.7,3,1,"₹ 6,463",6.44,"₹ 1,40,44,835",7.3
Lakshadweep,Agatti,Independent House,1249,"₹ 6,123",2,2,3,North,Fully Furnished,No,3.9,11.3,6,2,"₹ 3,442",4.81,"₹ 76,47,627",9.7
Lakshadweep,Kavaratti,Independent House,1543,"₹ 5,933",3,2,6,South,Semi-Furnished,Yes,17.9,1.4,7,1,"₹ 6,454",4.4,"₹ 91,54,619",8.6
Lakshadweep,Agatti,Independent House,2549,"₹ 5,763",3,3,14,South,Fully Furnished,No,13.9,11,1,3,"₹ 2,426",4.22,"₹ 1,46,89,887",9.2
Lakshadweep,Minicoy,Independent House,1679,"₹ 5,819",2,2,20,North,Unfurnished,Yes,0.6,4.8,1,4,"₹ 4,506",2.26,"₹ 97,70,101",8
Lakshadweep,Kavaratti,Independent House,2768,"₹ 7,142",2,2,1,West,Semi-Furnished,No,11.4,2.7,1,4,"₹ 3,885",4.53,"₹ 1,97,69,056",9.3
Lakshadweep,Agatti,Independent House,1714,"₹ 4,827",1,1,3,North,Semi-Furnished,Yes,5.4,10,6,2,"₹ 2,752",5.31,"₹ 82,73,478",9.2
Dehradun,Rajpur Road,Apartment,1624,"₹ 7,378",2.8,3.2,25,East,Unfurnished,Yes,6.3,7.3,2,5,"₹ 3,523",2.9,"₹ 1,19,81,872",7.8
Dehradun,Vasant Vihar,Independent House,1482,"₹ 5,087",2.7,3,20,South,Semi-Furnished,No,4.4,14.7,3,1,"₹ 3,671",3.3,"₹ 75,38,934",8.2
Dehradun,Patel Nagar,Apartment,1201,"₹ 5,385",2.7,3.4,24,North,Semi-Furnished,Yes,5.8,6.9,6,3,"₹ 2,425",3.7,"₹ 64,67,385",7.8
Dehradun,Nehru Colony,Apartment,1453,"₹ 5,197",3.4,2.8,13,West,Fully Furnished,No,5.8,8.4,6,1,"₹ 4,542",3.5,"₹ 75,51,241",8.6
Dehradun,Chakrata Road,Villa,1688,"₹ 5,991",2.7,2.7,20,South,Fully Furnished,Yes,6.3,13,4,5,"₹ 4,650",3.7,"₹ 1,01,12,808",8.3
Dehradun,Dalanwala,Independent House,1659,"₹ 6,214",2.6,3.1,14,East,Unfurnished,No,6.7,7.2,6,3,"₹ 2,337",3,"₹ 1,03,09,026",8.1
Dehradun,Clement Town,Villa,1462,"₹ 6,152",2.6,2.3,14,East,Fully Furnished,No,5.6,8,5,5,"₹ 3,013",3.7,"₹ 89,94,224",8.2
Dehradun,Prem Nagar,Apartment,1789,"₹ 6,884",2.5,3,9,South,Fully Furnished,Yes,5.5,7.2,2,4,"₹ 4,011",3.6,"₹ 1,23,15,476",7.9
Dehradun,Jakhan,Independent House,1446,"₹ 7,056",3.4,2.6,17,East,Semi-Furnished,No,6.3,7.5,3,1,"₹ 3,406",2.9,"₹ 1,02,02,976",8.7
Dehradun,Ballupur,Independent House,1682,"₹ 7,544",3.1,3.6,11,South,Semi-Furnished,No,3.9,7.7,3,4,"₹ 3,105",3.7,"₹ 1,26,89,008",8.4
Srinagar,Rajbagh,Apartment,1722,"₹ 5,444",2.3,2.4,11,East,Unfurnished,No,5.7,12.3,3,3,"₹ 2,834",3.1,"₹ 93,74,568",8.3
Srinagar,Jawahar Nagar,Villa,1644,"₹ 6,177",2.9,3.4,10,East,Fully Furnished,Yes,3.9,6.9,6,2,"₹ 2,215",2.9,"₹ 1,01,54,988",7.4
Srinagar,Bemina,Villa,1704,"₹ 6,430",3.3,2.7,17,West,Semi-Furnished,No,3.6,9.3,5,4,"₹ 2,660",4.1,"₹ 1,09,56,720",8.3
Srinagar,Hyderpora,Villa,1617,"₹ 5,268",3,2.2,13,East,Unfurnished,Yes,3.7,14.5,5,2,"₹ 2,899",2.9,"₹ 85,18,356",7.8
Srinagar,Batamaloo,Independent House,1684,"₹ 6,891",2.6,2.3,7,West,Unfurnished,No,4.1,9.5,5,5,"₹ 2,263",3.3,"₹ 1,16,04,444",8.4
Srinagar,Nishat,Villa,1465,"₹ 7,788",2.3,3.1,22,East,Unfurnished,Yes,5.3,11,5,4,"₹ 4,405",3.8,"₹ 1,14,09,420",7.3
Srinagar,Sanat Nagar,Apartment,1525,"₹ 5,529",3.2,2.2,19,North,Fully Furnished,No,5.6,9.6,2,1,"₹ 2,661",3.7,"₹ 84,31,725",8.2
Srinagar,Peerbagh,Apartment,1655,"₹ 5,837",3.1,2,7,North,Unfurnished,No,3.6,9.9,4,2,"₹ 2,423",3.9,"₹ 96,60,235",7.3
Srinagar,Rainawari,Independent House,1339,"₹ 6,395",3.4,2.5,24,South,Fully Furnished,No,5.6,11.3,6,5,"₹ 2,818",2.9,"₹ 85,62,905",7.6
Srinagar,Hazratbal,Villa,1396,"₹ 6,360",3.5,2.3,11,North,Fully Furnished,No,3.5,11.8,5,4,"₹ 3,084",4.1,"₹ 88,78,560",7.5
Panaji,Altinho,Apartment,1339,"₹ 6,174",2.5,3.2,12,North,Semi-Furnished,Yes,6.3,6.6,3,3,"₹ 4,566",3.1,"₹ 82,66,986",8.7
Panaji,Miramar,Apartment,1489,"₹ 5,226",3.1,3.4,14,West,Unfurnished,Yes,6.2,10.3,6,2,"₹ 3,354",3.6,"₹ 77,81,514",8.5
Panaji,Campal,Independent House,1416,"₹ 5,165",3,2.9,18,South,Unfurnished,No,3.7,6.8,3,3,"₹ 4,300",3.1,"₹ 73,13,640",7.6
Panaji,Fontainhas,Apartment,1580,"₹ 7,534",2.3,3.5,15,East,Fully Furnished,No,7,11.9,6,5,"₹ 2,410",4.1,"₹ 1,19,03,720",8.4
Panaji,Caranzalem,Apartment,1513,"₹ 6,582",2.6,3.1,24,South,Unfurnished,Yes,4.1,8.6,4,5,"₹ 2,620",3.8,"₹ 99,58,566",8.5
Panaji,Santa Inez,Independent House,1272,"₹ 5,816",3.4,3.5,13,West,Fully Furnished,Yes,6.9,7.1,3,4,"₹ 3,443",3.8,"₹ 73,97,952",8.1
Panaji,Patto,Independent House,1582,"₹ 7,526",3.4,2,21,East,Semi-Furnished,Yes,6.3,7.1,4,5,"₹ 3,313",2.8,"₹ 1,19,06,132",7
Panaji,Dona Paula,Apartment,1393,"₹ 7,034",2.6,3.6,7,South,Unfurnished,Yes,4.4,7.2,2,1,"₹ 3,675",2.8,"₹ 97,98,362",8.5
Panaji,Taleigao,Apartment,1460,"₹ 4,836",2.9,2.6,21,East,Semi-Furnished,No,5.9,13.3,4,3,"₹ 4,607",4.1,"₹ 70,60,560",8
Panaji,Porvorim,Apartment,1505,"₹ 5,334",3.4,2.4,16,East,Semi-Furnished,No,5.8,9.3,4,1,"₹ 4,002",3.3,"₹ 80,27,670",8.7
Agartala,Banamalipur,Independent House,1215,"₹ 7,679",2.4,2.5,20,North,Fully Furnished,No,4.5,7.6,4,3,"₹ 4,314",4,"₹ 93,29,985",8.6
Agartala,Krishnanagar,Independent House,1774,"₹ 6,359",3.1,3.2,16,South,Fully Furnished,No,4.1,11.6,3,4,"₹ 4,065",3.1,"₹ 1,12,80,866",8.4
Agartala,Arundhutinagar,Independent House,1421,"₹ 7,216",3.4,2.8,5,West,Unfurnished,Yes,3.8,12.1,6,4,"₹ 2,305",3.1,"₹ 1,02,53,936",8.3
Agartala,Indranagar,Independent House,1538,"₹ 6,967",2.7,2.3,8,South,Fully Furnished,No,5,12.7,6,3,"₹ 3,471",3.9,"₹ 1,07,15,246",7.7
Agartala,Bodhjungnagar,Apartment,1497,"₹ 5,120",2.8,2,6,East,Unfurnished,No,5.5,14.5,5,1,"₹ 2,610",4,"₹ 76,64,640",8
Agartala,Jogendranagar,Apartment,1214,"₹ 5,317",3.5,3.6,12,East,Semi-Furnished,No,4.2,14.3,4,5,"₹ 3,208",4,"₹ 64,54,838",7.4
Agartala,Pratapgarh,Independent House,1226,"₹ 6,944",2.6,3.1,20,South,Unfurnished,No,3.2,8.2,5,1,"₹ 3,100",3.2,"₹ 85,13,344",8.8
Agartala,Usha Bazar,Independent House,1662,"₹ 5,828",2.6,2.4,16,North,Fully Furnished,No,6.3,13.7,2,4,"₹ 2,921",3.3,"₹ 96,86,136",7.2
Agartala,Kunjaban,Independent House,1351,"₹ 6,668",2.4,2.5,10,West,Unfurnished,Yes,5.4,11.1,4,4,"₹ 2,786",3.4,"₹ 90,08,468",7.9
Agartala,Narsingarh,Villa,1583,"₹ 6,981",2.4,3.4,24,North,Fully Furnished,No,6.2,8.4,2,2,"₹ 3,717",3.3,"₹ 1,10,50,923",6.9
Kohima,Denuopfü,Apartment,1260,"₹ 5,843",2.3,2.4,18,East,Unfurnished,No,4.6,13.2,5,3,"₹ 3,874",4.1,"₹ 73,62,180",8.7
Kohima,P.R. Hill,Apartment,1577,"₹ 5,646",3.1,2.8,12,West,Unfurnished,Yes,7,13.8,6,2,"₹ 4,355",3.2,"₹ 89,03,742",8.3
Kohima,TCP Gate,Apartment,1595,"₹ 5,682",2.3,3.4,25,East,Unfurnished,No,5.4,8.1,2,1,"₹ 3,564",3.7,"₹ 90,62,790",7.2
Kohima,High School Area,Independent House,1503,"₹ 6,905",3.5,3.5,20,West,Fully Furnished,Yes,6.8,14.4,6,3,"₹ 4,437",3.1,"₹ 1,03,78,215",8
Kohima,Lerie,Independent House,1651,"₹ 7,924",2.6,3.1,25,South,Fully Furnished,No,3.3,6.6,4,1,"₹ 2,868",4.2,"₹ 1,30,82,524",8.2
Kohima,Merhülietsa,Apartment,1415,"₹ 6,640",2.5,3,8,South,Unfurnished,No,6,8.1,6,3,"₹ 4,395",3.4,"₹ 93,95,600",8.5
Kohima,New Secretariat,Independent House,1285,"₹ 5,881",2.8,3.3,23,East,Unfurnished,Yes,4.8,6.9,4,2,"₹ 2,319",3.6,"₹ 75,57,085",7.8
Kohima,Nhulunlie,Apartment,1726,"₹ 7,287",3.4,2.9,24,North,Semi-Furnished,Yes,5.7,10.2,4,3,"₹ 2,268",4.1,"₹ 1,25,77,362",7.2
Kohima,Upper Bayavu,Independent House,1251,"₹ 6,703",2.5,2.5,22,North,Semi-Furnished,No,6.3,8.7,5,5,"₹ 3,354",3.9,"₹ 83,85,453",8.7
Kohima,Lower Chandmari,Villa,1231,"₹ 6,332",2.7,3.5,10,South,Fully Furnished,No,4.3,6,6,1,"₹ 2,697",3.2,"₹ 77,94,692",7.7
Imphal,Lamphel,Apartment,1381,"₹ 7,591",2.4,2.4,9,East,Unfurnished,Yes,5.4,14.3,6,2,"₹ 3,383",3.5,"₹ 1,04,83,171",6.8
Imphal,Thangmeiband,Independent House,1244,"₹ 6,094",3.2,3.3,18,West,Semi-Furnished,Yes,6.1,13.2,5,3,"₹ 4,381",4.1,"₹ 75,80,936",7
Imphal,Singjamei,Independent House,1304,"₹ 7,628",2.2,3.1,21,West,Fully Furnished,Yes,3.8,12.6,3,1,"₹ 2,852",4.2,"₹ 99,46,912",8.1
Imphal,Kakwa,Apartment,1399,"₹ 7,716",3.2,2.1,16,South,Fully Furnished,Yes,5.4,7.6,3,2,"₹ 4,110",4,"₹ 1,07,94,684",8.4
Imphal,Porompat,Villa,1764,"₹ 6,765",3.5,3.5,16,East,Fully Furnished,No,3.1,10.8,6,5,"₹ 4,694",3.1,"₹ 1,19,33,460",7
Imphal,Langol,Independent House,1418,"₹ 7,375",3.1,3.5,20,South,Semi-Furnished,No,5.2,12.7,2,1,"₹ 4,256",3.4,"₹ 1,04,57,750",7.7
Imphal,Chingmeirong,Apartment,1532,"₹ 6,720",3.4,3.1,11,East,Fully Furnished,No,5,14.8,5,2,"₹ 3,778",3.3,"₹ 1,02,95,040",7
Imphal,Uripok,Villa,1372,"₹ 5,148",3.4,2.3,10,North,Unfurnished,No,6.1,8.4,2,1,"₹ 3,075",3.3,"₹ 70,63,056",7
Imphal,Moirangkhom,Apartment,1435,"₹ 6,050",3.1,2.1,22,West,Unfurnished,No,3.2,6.8,4,2,"₹ 2,424",3.2,"₹ 86,81,750",7
Imphal,Kshetrigao,Villa,1435,"₹ 5,512",2.8,2.3,14,South,Fully Furnished,No,6.4,6.3,5,2,"₹ 2,794",3.9,"₹ 79,09,720",8.8
Patna,Boring Road,Independent House,2038,"₹ 6,565",2,2,14,West,Semi-Furnished,No,3.8,11.7,2,3,"₹ 6,165",4.9,"₹ 1,33,79,470",10
Patna,Bailey Road,Independent House,2043,"₹ 8,631",1,3,7,East,Fully Furnished,Yes,0.9,0.7,2,4,"₹ 7,842",4.08,"₹ 1,76,33,133",10
Patna,Rajendra Nagar,Independent House,698,"₹ 7,201",2,3,10,South,Semi-Furnished,No,3.5,4.5,5,2,"₹ 5,399",3.67,"₹ 50,26,298",10
Patna,Kankarbagh,Independent House,2189,"₹ 8,996",2,1,8,South,Unfurnished,Yes,6,0.9,1,1,"₹ 6,846",3.77,"₹ 1,96,92,244",10
Patna,Patliputra Colony,Independent House,2855,"₹ 7,675",4,2,0,South,Fully Furnished,Yes,1.9,6.7,3,2,"₹ 7,276",3.03,"₹ 2,19,12,125",10
Patna,Ashiana Nagar,Independent House,2559,"₹ 5,639",3,1,19,East,Semi-Furnished,No,1.8,8.6,3,2,"₹ 5,616",5.21,"₹ 1,44,30,201",10
Patna,Fraser Road,Independent House,2799,"₹ 5,037",1,3,15,East,Fully Furnished,Yes,4.5,7.7,1,3,"₹ 2,019",4.93,"₹ 1,40,98,563",10
Patna,Gardanibagh,Independent House,2096,"₹ 8,995",4,1,19,West,Unfurnished,No,4.5,12,6,4,"₹ 7,155",3.56,"₹ 1,88,53,520",10
Patna,Kurji,Independent House,3157,"₹ 8,347",3,3,1,East,Semi-Furnished,No,5.3,9.7,3,4,"₹ 2,192",3.91,"₹ 2,63,51,479",7.5
Patna,Phulwari Sharif,Independent House,3411,"₹ 7,065",4,3,18,West,Fully Furnished,No,6.9,9.8,7,4,"₹ 6,569",2.75,"₹ 2,40,98,715",9.9
Patna,Lohia Nagar,Independent House,1616,"₹ 9,221",2,2,18,West,Unfurnished,Yes,5.9,0.9,2,2,"₹ 4,556",5.92,"₹ 1,49,01,136",10
Patna,Sri Krishna Puri,Independent House,722,"₹ 9,393",4,1,13,West,Fully Furnished,Yes,5.1,9.9,1,5,"₹ 5,053",5.16,"₹ 67,81,746",10
Patna,Danapur,Independent House,1259,"₹ 7,944",4,1,2,South,Fully Furnished,Yes,5.9,8.9,7,3,"₹ 7,306",2.9,"₹ 1,00,01,496",10
Patna,Khagaul,Independent House,3157,"₹ 8,347",3,3,1,East,Semi-Furnished,No,2.9,9.7,3,4,"₹ 2,192",3.91,"₹ 2,63,51,479",7.5
Patna,Anisabad,Independent House,3377,"₹ 5,545",2,1,7,East,Unfurnished,Yes,3.2,1.7,6,5,"₹ 7,722",4.16,"₹ 1,87,25,465",10
Bhubaneswar,Jayadev Vihar,Independent House,2333,"₹ 7,936",4,3,2,East,Fully Furnished,Yes,,8.9,1,2,"₹ 4,494",3.09,"₹ 1,85,14,688",9.2
Bhubaneswar,Saheed Nagar,Independent House,1366,"₹ 9,048",4,1,12,West,Fully Furnished,Yes,,8.5,1,1,"₹ 6,333",2.04,"₹ 1,23,59,568",8.6
Bhubaneswar,Patia,Independent House,2096,"₹ 8,995",4,1,19,West,Unfurnished,No,,12,6,4,"₹ 7,155",3.56,"₹ 1,88,53,520",10
Bhubaneswar,Nayapalli,Independent House,1927,"₹ 6,186",3,1,4,West,Unfurnished,No,,1.9,5,4,"₹ 3,309",3.52,"₹ 1,19,20,422",10
Bhubaneswar,Chandrasekharpur,Independent House,2791,"₹ 7,620",4,3,13,East,Semi-Furnished,Yes,,2.1,5,3,"₹ 2,386",2.35,"₹ 2,12,67,420",6.6
Bhubaneswar,Khandagiri,Independent House,2231,"₹ 8,277",4,1,18,East,Unfurnished,Yes,,1.5,4,5,"₹ 2,417",2.53,"₹ 1,84,65,987",7.5
Bhubaneswar,Rasulgarh,Independent House,2387,"₹ 9,942",1,2,7,West,Fully Furnished,No,,10.4,1,3,"₹ 5,098",2.37,"₹ 2,37,31,554",10
Bhubaneswar,Unit 4,Independent House,2569,"₹ 7,894",2,1,14,North,Unfurnished,Yes,,3.9,5,2,"₹ 7,006",5.68,"₹ 2,02,79,686",10
Bhubaneswar,Gajapati Nagar,Independent House,2649,"₹ 7,401",1,2,8,South,Fully Furnished,No,,3.1,6,5,"₹ 2,291",6.39,"₹ 1,96,05,249",8.7
Bhubaneswar,Baramunda,Independent House,1366,"₹ 9,048",4,1,12,West,Fully Furnished,Yes,,8.5,1,1,"₹ 6,333",2.04,"₹ 1,23,59,568",8.6
Bhubaneswar,Siripur,Independent House,2263,"₹ 4,690",3,3,3,North,Semi-Furnished,Yes,,11.1,4,4,"₹ 7,946",5.61,"₹ 1,06,13,470",10
Bhubaneswar,Acharya Vihar,Independent House,1891,"₹ 8,993",3,2,8,West,Unfurnished,Yes,,3.9,1,5,"₹ 3,853",4.62,"₹ 1,70,05,763",10
Bhubaneswar,Laxmi Sagar,Independent House,1753,"₹ 5,454",2,2,16,South,Fully Furnished,No,,7.4,2,2,"₹ 1,528",5.87,"₹ 95,60,862",10
Bhubaneswar,Old Town,Independent House,2901,"₹ 7,509",2,3,5,West,Semi-Furnished,Yes,,1.4,5,2,"₹ 6,890",2.82,"₹ 2,17,83,609",10
Bhubaneswar,Vani Vihar,Independent House,1454,"₹ 9,235",2,2,14,East,Semi-Furnished,Yes,,3.5,3,1,"₹ 6,543",4.16,"₹ 1,34,27,690",10
Ranchi,Lalpur,Independent House,1241,"₹ 9,754",1,1,13,North,Semi-Furnished,Yes,,8.9,1,4,"₹ 5,247",2.05,"₹ 1,21,04,714",8.5
Ranchi,Harmu,Independent House,2333,"₹ 7,936",4,3,2,East,Fully Furnished,Yes,,8.9,1,2,"₹ 4,494",3.09,"₹ 1,85,14,688",9.2
Ranchi,Doranda,Independent House,1435,"₹ 7,854",4,3,14,East,Semi-Furnished,Yes,,5.5,6,5,"₹ 7,602",4.24,"₹ 1,12,70,490",10
Ranchi,Morabadi,Independent House,2134,"₹ 8,776",2,1,16,West,Unfurnished,Yes,,6.1,2,5,"₹ 5,278",6.21,"₹ 1,87,27,984",10
Ranchi,Kanke,Independent House,2791,"₹ 6,395",4,3,7,North,Unfurnished,Yes,,10.2,2,5,"₹ 4,733",2.27,"₹ 1,78,48,445",10
Ranchi,Hatia,Independent House,2295,"₹ 6,193",3,2,16,South,Unfurnished,Yes,,1.4,5,2,"₹ 5,499",2.47,"₹ 1,42,12,935",10
Ranchi,Bariatu,Independent House,2656,"₹ 5,909",2,1,12,North,Fully Furnished,No,,8.8,7,1,"₹ 3,107",4.24,"₹ 1,56,94,304",9.7
Ranchi,Upper Bazar,Independent House,2453,"₹ 8,291",4,1,9,West,Semi-Furnished,Yes,,5,7,1,"₹ 1,521",3.94,"₹ 2,03,37,823",10
Ranchi,Argora,Independent House,601,"₹ 6,027",2,2,16,West,Fully Furnished,No,,11.3,5,2,"₹ 6,311",4.05,"₹ 36,22,227",10
Ranchi,Namkum,Independent House,2649,"₹ 7,401",1,2,8,South,Fully Furnished,No,,3.1,6,5,"₹ 2,291",6.39,"₹ 1,96,05,249",8.7
Ranchi,Booty More,Independent House,2334,"₹ 7,670",3,3,11,South,Fully Furnished,Yes,,11.9,7,5,"₹ 4,953",4.44,"₹ 1,79,01,780",10
Ranchi,Hehal,Independent House,2993,"₹ 7,233",1,1,16,East,Fully Furnished,Yes,,4.2,1,2,"₹ 3,480",3.11,"₹ 2,16,48,369",10
Ranchi,Ratu Road,Independent House,1263,"₹ 9,473",3,1,17,West,Unfurnished,No,,2.4,6,1,"₹ 7,835",5.58,"₹ 1,19,64,399",10
Ranchi,Lower Bazar,Independent House,786,"₹ 6,705",3,1,12,East,Unfurnished,Yes,,2.6,3,5,"₹ 2,598",4.55,"₹ 52,70,130",10
Ranchi,Ashok Nagar,Independent House,2263,"₹ 4,690",3,3,3,North,Semi-Furnished,Yes,,11.1,4,4,"₹ 7,946",5.61,"₹ 1,06,13,470",10
Raipur,Civil Lines,Independent House,2443,"₹ 5,199",1,2,16,West,Fully Furnished,Yes,,11.4,4,1,"₹ 5,011",5.19,"₹ 1,27,01,157",10
Raipur,Shankar Nagar,Independent House,3377,"₹ 5,545",2,1,7,East,Unfurnished,Yes,,1.7,6,5,"₹ 7,722",4.16,"₹ 1,87,25,465",10
Raipur,Pandri,Independent House,1969,"₹ 7,920",2,2,9,West,Unfurnished,Yes,,10.3,6,3,"₹ 5,030",5.18,"₹ 1,55,94,480",10
Raipur,Samta Colony,Independent House,1754,"₹ 8,841",1,1,5,North,Fully Furnished,No,,9.6,4,4,"₹ 5,176",6.48,"₹ 1,55,07,114",10
Raipur,Devendra Nagar,Independent House,1088,"₹ 9,588",4,2,12,South,Unfurnished,Yes,,1,4,5,"₹ 2,488",5.92,"₹ 1,04,31,744",10
Raipur,Mowa,Independent House,3050,"₹ 6,827",1,1,4,North,Semi-Furnished,Yes,,8.5,3,3,"₹ 4,593",4.86,"₹ 2,08,22,350",10
Raipur,Amlidih,Independent House,1298,"₹ 9,411",2,1,13,North,Unfurnished,Yes,,6,7,3,"₹ 2,186",5.59,"₹ 1,22,15,478",8.9
Raipur,Tatibandh,Independent House,1454,"₹ 9,235",2,2,14,East,Semi-Furnished,Yes,,3.5,3,1,"₹ 6,543",4.16,"₹ 1,34,27,690",10
Raipur,Rajendra Nagar,Independent House,2282,"₹ 8,557",4,1,5,East,Fully Furnished,Yes,,1.3,1,1,"₹ 6,679",4.5,"₹ 1,95,27,074",10
Raipur,Tikrapara,Independent House,1263,"₹ 9,473",3,1,17,West,Unfurnished,No,,2.4,6,1,"₹ 7,835",5.58,"₹ 1,19,64,399",10
Raipur,Fafadih,Independent House,2586,"₹ 4,801",4,3,6,South,Unfurnished,Yes,,3.4,5,1,"₹ 7,158",2.14,"₹ 1,24,15,386",10
Raipur,Kota,Independent House,3111,"₹ 7,024",3,3,17,West,Unfurnished,No,,6.7,4,5,"₹ 3,323",5.1,"₹ 2,18,51,664",10
Raipur,Bhatagaon,Independent House,2555,"₹ 5,560",4,1,14,East,Unfurnished,Yes,,8.1,6,1,"₹ 4,655",2.47,"₹ 1,42,05,800",8.1
Raipur,Daldal Seoni,Independent House,1088,"₹ 9,588",4,2,12,South,Unfurnished,Yes,,1,4,5,"₹ 2,488",5.92,"₹ 1,04,31,744",10
Raipur,Saraswati Nagar,Independent House,2248,"₹ 7,450",3,3,18,South,Fully Furnished,Yes,,10.5,2,4,"₹ 7,631",3.16,"₹ 1,67,47,600",9.3
Dispur,Ganeshguri,Independent House,3050,"₹ 6,827",1,1,4,North,Semi-Furnished,Yes,,8.5,3,3,"₹ 4,593",4.86,"₹ 2,08,22,350",10
Dispur,Ulubari,Independent House,2799,"₹ 5,037",1,3,15,East,Fully Furnished,Yes,,7.7,1,3,"₹ 2,019",4.93,"₹ 1,40,98,563",10
Dispur,Hatigaon,Independent House,2231,"₹ 8,277",4,1,18,East,Unfurnished,Yes,,1.5,4,5,"₹ 2,417",2.53,"₹ 1,84,65,987",7.5
Dispur,GS Road,Independent House,2234,"₹ 6,316",3,2,1,North,Unfurnished,No,,11.4,3,2,"₹ 5,463",4.37,"₹ 1,41,09,944",10
Dispur,Zoo Road,Independent House,2236,"₹ 5,800",1,2,11,North,Semi-Furnished,No,,7,7,1,"₹ 6,299",3.21,"₹ 1,29,68,800",8.9
Dispur,Beltola,Independent House,2261,"₹ 9,055",4,3,15,West,Fully Furnished,Yes,,6.2,6,3,"₹ 6,626",5.13,"₹ 2,04,73,355",10
Dispur,Chandmari,Independent House,1227,"₹ 6,955",3,2,8,West,Semi-Furnished,Yes,,3.2,2,1,"₹ 7,305",2.32,"₹ 85,33,785",10
Dispur,Six Mile,Independent House,698,"₹ 7,201",2,3,10,South,Semi-Furnished,No,,4.5,5,2,"₹ 5,399",3.67,"₹ 50,26,298",10
Dispur,Christian Basti,Independent House,2231,"₹ 8,277",4,1,18,East,Unfurnished,Yes,,1.5,4,5,"₹ 2,417",2.53,"₹ 1,84,65,987",7.5
Dispur,Bhangagarh,Independent House,2236,"₹ 5,800",1,2,11,North,Semi-Furnished,No,,7,7,1,"₹ 6,299",3.21,"₹ 1,29,68,800",8.9
Dispur,Kahilipara,Independent House,2231,"₹ 8,277",4,1,18,East,Unfurnished,Yes,,1.5,4,5,"₹ 2,417",2.53,"₹ 1,84,65,987",7.5
Dispur,Rajgarh,Independent House,703,"₹ 8,615",1,1,3,North,Semi-Furnished,Yes,,6.6,1,5,"₹ 2,459",5.27,"₹ 60,56,345",10
Dispur,Survey,Independent House,2453,"₹ 8,291",4,1,9,West,Semi-Furnished,Yes,,5,7,1,"₹ 1,521",3.94,"₹ 2,03,37,823",10
Dispur,Narengi,Independent House,1163,"₹ 4,660",2,2,4,East,Unfurnished,Yes,,8.8,6,4,"₹ 7,853",2.29,"₹ 54,19,580",10
Dispur,Lachit Nagar,Independent House,2701,"₹ 6,341",4,1,3,South,Semi-Furnished,No,,10.7,5,3,"₹ 2,090",2.9,"₹ 1,71,27,041",10
Shimla,Chotta Shimla,Independent House,601,"₹ 6,027",2,2,16,West,Fully Furnished,No,,11.3,5,2,"₹ 6,311",4.05,"₹ 36,22,227",10
Shimla,Sanjauli,Independent House,2855,"₹ 7,675",4,2,0,South,Fully Furnished,Yes,,6.7,3,2,"₹ 7,276",3.03,"₹ 2,19,12,125",10
Shimla,Kasumpti,Independent House,2791,"₹ 6,395",4,3,7,North,Unfurnished,Yes,,10.2,2,5,"₹ 4,733",2.27,"₹ 1,78,48,445",10
Shimla,Bharari,Independent House,1298,"₹ 9,411",2,1,13,North,Unfurnished,Yes,,6,7,3,"₹ 2,186",5.59,"₹ 1,22,15,478",8.9
Shimla,Panthaghati,Independent House,2334,"₹ 7,670",3,3,11,South,Fully Furnished,Yes,,11.9,7,5,"₹ 4,953",4.44,"₹ 1,79,01,780",10
Shimla,Summer Hill,Independent House,2333,"₹ 7,936",4,3,2,East,Fully Furnished,Yes,,8.9,1,2,"₹ 4,494",3.09,"₹ 1,85,14,688",9.2
Shimla,New Shimla,Independent House,2530,"₹ 9,142",2,3,2,North,Fully Furnished,No,,1.6,3,3,"₹ 1,538",3.58,"₹ 2,31,29,260",10
Shimla,Dhalli,Independent House,2189,"₹ 8,996",2,1,8,South,Unfurnished,Yes,,0.9,1,1,"₹ 6,846",3.77,"₹ 1,96,92,244",10
Shimla,Totu,Independent House,1240,"₹ 7,475",3,3,8,East,Unfurnished,Yes,,11,6,5,"₹ 5,679",2.36,"₹ 92,69,000",8.9
Shimla,Jutogh,Independent House,1480,"₹ 8,514",2,1,9,South,Unfurnished,Yes,,7.4,3,5,"₹ 2,292",2.99,"₹ 1,26,00,720",7.4
Shimla,Tara Devi,Independent House,2800,"₹ 5,471",4,1,3,West,Semi-Furnished,No,,9.3,5,4,"₹ 5,973",6.44,"₹ 1,53,18,800",10
Shimla,Mashobra,Independent House,2800,"₹ 5,471",4,1,3,West,Semi-Furnished,No,,9.3,5,4,"₹ 5,973",6.44,"₹ 1,53,18,800",10
Shimla,Kufri,Independent House,2798,"₹ 4,627",1,2,3,South,Semi-Furnished,Yes,,11.1,6,1,"₹ 7,126",4.04,"₹ 1,29,46,346",7.7
Shimla,Naldehra,Independent House,3411,"₹ 7,065",4,3,18,West,Fully Furnished,No,,9.8,7,4,"₹ 6,569",2.75,"₹ 2,40,98,715",9.9
Shimla,Baldeyan,Independent House,2867,"₹ 5,718",2,3,12,East,Fully Furnished,No,,3,6,2,"₹ 2,262",2.33,"₹ 1,63,93,506",10
Mumbai,Andheri West,Apartment,1250,"₹ 16,264",2,2,3,East,Semi-Furnished,Yes,3,5.7,8,5,"₹ 5,281",3.2,"₹ 2,03,30,000",9
Mumbai,Bandra East,Apartment,1098,"₹ 12,464",2,2,5,South,Furnished,Yes,2.2,9.1,9,7,"₹ 4,175",3.3,"₹ 1,36,85,472",7
Mumbai,Powai,Apartment,993,"₹ 12,065",2,2,5,South,Semi-Furnished,Yes,1.5,8.8,6,6,"₹ 1,999",3.5,"₹ 1,19,80,545",8
Mumbai,Chembur,Apartment,879,"₹ 13,956",2,2,10,South,Furnished,Yes,0.8,4.1,9,5,"₹ 4,525",3.3,"₹ 1,22,67,324",10
Mumbai,Goregaon East,Apartment,1106,"₹ 8,186",2,2,3,South,Furnished,Yes,1.9,2.2,5,5,"₹ 3,118",3.7,"₹ 90,53,716",9
Mumbai,Malad West,Apartment,1242,"₹ 11,271",3,3,8,North,Semi-Furnished,Yes,1.9,11.8,9,5,"₹ 3,220",3.6,"₹ 1,39,98,582",10
Mumbai,Borivali East,Apartment,1451,"₹ 21,822",3,3,10,West,Furnished,Yes,1.1,1.7,7,4,"₹ 2,882",3.3,"₹ 3,16,63,722",8
Mumbai,Dadar,Apartment,895,"₹ 7,888",2,2,4,West,Furnished,Yes,3.4,1.6,5,4,"₹ 1,893",2.9,"₹ 70,59,760",10
Mumbai,Kurla,Apartment,946,"₹ 14,217",2,2,10,North,Furnished,Yes,3,7.9,9,7,"₹ 5,180",2.9,"₹ 1,34,49,282",10
Mumbai,Lower Parel,Apartment,1419,"₹ 6,864",3,3,9,East,Semi-Furnished,Yes,3.3,1.6,6,7,"₹ 4,768",3.2,"₹ 97,40,016",9
New Delhi,Saket,Apartment,1170,"₹ 7,080",2,2,10,West,Unfurnished,Yes,1.5,3.8,9,5,"₹ 4,999",3.4,"₹ 82,83,600",10
New Delhi,Dwarka Sector 21,Apartment,1305,"₹ 12,271",2,2,10,West,Furnished,Yes,2.9,11.8,6,7,"₹ 4,683",4,"₹ 1,60,13,655",10
New Delhi,Rohini Sector 18,Apartment,906,"₹ 12,366",2,2,6,West,Unfurnished,Yes,1.9,8.6,8,6,"₹ 3,340",3.1,"₹ 1,12,03,596",7
New Delhi,Vasant Kunj,Apartment,1131,"₹ 9,844",3,3,8,North,Furnished,Yes,2.6,10.6,6,7,"₹ 3,703",3.8,"₹ 1,11,33,564",10
New Delhi,Lajpat Nagar,Apartment,963,"₹ 19,058",2,2,5,South,Unfurnished,Yes,2.5,3.5,8,4,"₹ 1,572",3.8,"₹ 1,83,52,854",10
New Delhi,Karol Bagh,Apartment,1021,"₹ 19,151",3,3,9,West,Unfurnished,Yes,2.4,5.9,8,7,"₹ 3,012",2.9,"₹ 1,95,53,171",9
New Delhi,Janakpuri,Apartment,1151,"₹ 13,073",2,2,8,East,Furnished,Yes,1.9,10.4,6,5,"₹ 3,391",3,"₹ 1,50,47,023",9
New Delhi,Pitampura,Apartment,1066,"₹ 19,110",3,3,6,North,Unfurnished,Yes,3.3,7,6,4,"₹ 4,040",3.8,"₹ 2,03,71,260",10
New Delhi,Mayur Vihar,Apartment,889,"₹ 5,165",2,2,7,West,Furnished,Yes,3.2,5.9,9,4,"₹ 5,889",3.7,"₹ 45,91,685",8
New Delhi,Paschim Vihar,Apartment,1289,"₹ 10,560",3,3,3,West,Unfurnished,Yes,3.5,3.2,7,5,"₹ 4,445",2.8,"₹ 1,36,11,840",9
Bengaluru,Whitefield,Apartment,1048,"₹ 14,047",3,3,3,North,Semi-Furnished,Yes,1.8,11.1,8,4,"₹ 5,034",3.7,"₹ 1,47,21,256",10
Bengaluru,Electronic City,Apartment,1062,"₹ 19,197",3,3,10,South,Unfurnished,Yes,2.1,10.9,6,5,"₹ 5,743",3.9,"₹ 2,03,87,214",7
Bengaluru,Indiranagar,Apartment,1255,"₹ 6,625",2,2,4,South,Unfurnished,Yes,0.6,4.2,8,4,"₹ 3,547",3.6,"₹ 83,14,375",8
Bengaluru,BTM Layout,Apartment,1333,"₹ 9,605",3,3,8,South,Furnished,Yes,2.2,9,9,5,"₹ 5,016",3.9,"₹ 1,28,03,465",10
Bengaluru,Yelahanka,Apartment,1109,"₹ 13,548",3,3,8,North,Semi-Furnished,Yes,3,11.6,8,4,"₹ 1,692",3,"₹ 1,50,24,732",8
Bengaluru,Marathahalli,Apartment,1329,"₹ 14,848",3,3,10,North,Furnished,Yes,2.6,3.3,5,4,"₹ 3,370",3.5,"₹ 1,97,32,992",7
Bengaluru,HSR Layout,Apartment,1426,"₹ 17,336",3,3,8,West,Semi-Furnished,Yes,2.3,6.3,7,4,"₹ 3,973",2.9,"₹ 2,47,21,136",9
Bengaluru,Koramangala,Apartment,1336,"₹ 12,435",2,2,7,South,Semi-Furnished,Yes,1.4,1.7,9,6,"₹ 1,613",3.7,"₹ 1,66,13,160",8
Bengaluru,Jayanagar,Apartment,1111,"₹ 19,712",2,2,10,East,Furnished,Yes,0.6,1.7,9,4,"₹ 2,779",3.6,"₹ 2,19,00,032",10
Bengaluru,Rajajinagar,Apartment,1035,"₹ 17,801",3,3,8,West,Unfurnished,Yes,2.7,10.1,5,6,"₹ 5,279",3.1,"₹ 1,84,24,035",7
Gurugram,Sector 56,Apartment,1114,"₹ 10,334",2,2,4,East,Furnished,Yes,1,7.8,8,4,"₹ 4,454",2.8,"₹ 1,15,12,076",8
Gurugram,Sohna Road,Apartment,1397,"₹ 6,524",3,3,9,South,Furnished,Yes,2.3,9.5,7,7,"₹ 2,040",3.3,"₹ 91,14,028",10
Gurugram,DLF Phase 3,Apartment,1019,"₹ 21,651",3,3,9,North,Semi-Furnished,Yes,0.9,1.4,7,6,"₹ 5,252",3.1,"₹ 2,20,62,369",9
Gurugram,Sector 23,Apartment,1000,"₹ 19,989",3,3,9,North,Unfurnished,Yes,3.4,10.1,9,5,"₹ 1,867",3,"₹ 1,99,89,000",9
Gurugram,Golf Course Road,Apartment,1319,"₹ 19,919",3,3,4,East,Unfurnished,Yes,3.4,10.3,8,7,"₹ 3,310",2.9,"₹ 2,62,73,161",9
Gurugram,Sector 14,Apartment,875,"₹ 20,387",2,2,6,West,Unfurnished,Yes,2.3,5.6,5,5,"₹ 3,689",3.7,"₹ 1,78,38,625",7
Gurugram,Sector 45,Apartment,1105,"₹ 10,357",2,2,8,South,Furnished,Yes,2.5,1.9,7,6,"₹ 2,599",3.6,"₹ 1,14,44,485",9
Gurugram,Palam Vihar,Apartment,1434,"₹ 20,377",2,2,8,South,Semi-Furnished,Yes,2.8,9.2,8,5,"₹ 3,120",4,"₹ 2,92,20,618",7
Gurugram,Udyog Vihar,Apartment,1005,"₹ 16,290",2,2,7,East,Furnished,Yes,1.1,6.5,7,7,"₹ 1,625",3.4,"₹ 1,63,71,450",7
Gurugram,Sector 31,Apartment,1350,"₹ 20,488",3,3,10,South,Semi-Furnished,Yes,0.9,4.3,5,4,"₹ 5,434",3.6,"₹ 2,76,58,800",8
Lucknow,Gomti Nagar,Apartment,1348,"₹ 10,232",2,2,4,West,Furnished,Yes,0.7,10.4,7,7,"₹ 4,931",3.8,"₹ 1,37,92,736",9
Lucknow,Aliganj,Apartment,1121,"₹ 6,173",2,2,3,North,Semi-Furnished,Yes,3.4,10.4,7,4,"₹ 3,371",3,"₹ 69,19,933",9
Lucknow,Indira Nagar,Apartment,1294,"₹ 21,753",3,3,7,North,Semi-Furnished,Yes,1.2,10.2,6,5,"₹ 2,675",3.2,"₹ 2,81,48,382",8
Lucknow,Hazratganj,Apartment,1011,"₹ 19,570",3,3,7,South,Semi-Furnished,Yes,1.2,8.5,9,5,"₹ 5,151",3.4,"₹ 1,97,85,270",7
Lucknow,Jankipuram,Apartment,1313,"₹ 13,837",2,2,10,West,Furnished,Yes,2.9,6.6,7,6,"₹ 5,524",3,"₹ 1,81,67,981",9
Lucknow,Mahanagar,Apartment,989,"₹ 20,107",2,2,8,South,Semi-Furnished,Yes,1.7,1.9,5,5,"₹ 5,763",3.9,"₹ 1,98,85,823",9
Lucknow,Rajajipuram,Apartment,1454,"₹ 14,070",2,2,4,North,Unfurnished,Yes,2.4,2.1,7,6,"₹ 1,844",3.7,"₹ 2,04,57,780",9
Lucknow,Ashiyana,Apartment,1462,"₹ 14,109",3,3,3,West,Unfurnished,Yes,0.9,11.3,9,6,"₹ 3,137",3.3,"₹ 2,06,27,358",10
Lucknow,Chinhat,Apartment,1133,"₹ 21,261",2,2,8,East,Semi-Furnished,Yes,0.6,11.1,7,6,"₹ 4,235",3.6,"₹ 2,40,88,713",9
Lucknow,Faizabad Road,Apartment,1286,"₹ 5,106",3,3,10,East,Semi-Furnished,Yes,3,6.7,5,6,"₹ 3,245",3.4,"₹ 65,66,316",10
Chandigarh,Sector 17,Apartment,1338,"₹ 8,609",2,2,3,West,Furnished,Yes,3.1,9,5,7,"₹ 5,062",3.3,"₹ 1,15,18,842",8
Chandigarh,Sector 22,Apartment,1393,"₹ 8,386",2,2,10,North,Unfurnished,Yes,0.6,7.1,8,5,"₹ 2,722",3,"₹ 1,16,81,698",8
Chandigarh,Sector 35,Apartment,948,"₹ 6,180",2,2,10,South,Furnished,Yes,1.6,9.1,5,4,"₹ 4,809",3.8,"₹ 58,58,640",8
Chandigarh,Sector 44,Apartment,1027,"₹ 21,895",2,2,3,South,Semi-Furnished,Yes,0.9,11.3,7,7,"₹ 2,884",3,"₹ 2,24,86,165",10
Chandigarh,Manimajra,Apartment,1082,"₹ 17,121",3,3,3,West,Unfurnished,Yes,2.3,8.3,8,7,"₹ 3,511",3.5,"₹ 1,85,24,922",8
Chandigarh,Sector 15,Apartment,1093,"₹ 20,822",2,2,10,South,Furnished,Yes,1.4,3.3,8,7,"₹ 2,190",3.4,"₹ 2,27,58,446",7
Chandigarh,Sector 8,Apartment,1473,"₹ 21,173",3,3,5,South,Unfurnished,Yes,1.6,8.3,6,6,"₹ 4,527",3.3,"₹ 3,11,87,829",7
Chandigarh,Sector 10,Apartment,865,"₹ 20,801",2,2,9,West,Semi-Furnished,Yes,0.7,3.4,6,6,"₹ 5,961",3.9,"₹ 1,79,92,865",9
Chandigarh,Sector 21,Apartment,1108,"₹ 21,921",3,3,10,West,Unfurnished,Yes,0.6,10.2,9,7,"₹ 5,357",3.4,"₹ 2,42,88,468",7
Chandigarh,Sector 33,Apartment,1237,"₹ 16,179",3,3,8,West,Furnished,Yes,0.9,8.3,9,6,"₹ 5,300",4,"₹ 2,00,13,423",10
Jaipur,C-Scheme,Independent House,800,"₹ 3,500",1,1,0,East,Unfurnished,Yes,,4,2,1,"₹ 1,500",2.5,"₹ 28,00,000",6
Jaipur,Malviya Nagar,Independent House,840,"₹ 3,900",2,2,1,East,Semi-Furnished,No,,5.2,3,2,"₹ 2,100",3.1,"₹ 32,76,000",6.8
Jaipur,Vaishali Nagar,Independent House,880,"₹ 4,300",3,3,2,East,Fully Furnished,Yes,,6.4,4,3,"₹ 2,700",3.7,"₹ 37,84,000",7.6
Jaipur,Mansarovar,Independent House,920,"₹ 4,700",4,1,3,East,Unfurnished,No,,7.6,5,1,"₹ 3,300",4.3,"₹ 43,24,000",8.4
Jaipur,Jagatpura,Independent House,960,"₹ 5,100",1,2,4,East,Semi-Furnished,Yes,,8.8,2,2,"₹ 3,900",4.9,"₹ 48,96,000",9.2
Jaipur,Raja Park,Independent House,1000,"₹ 5,500",2,3,5,East,Fully Furnished,No,,4,3,3,"₹ 1,500",2.5,"₹ 55,00,000",6
Jaipur,Bani Park,Independent House,1040,"₹ 3,500",3,1,6,East,Unfurnished,Yes,,5.2,4,1,"₹ 2,100",3.1,"₹ 36,40,000",6.8
Jaipur,Civil Lines,Independent House,1080,"₹ 3,900",4,2,7,East,Semi-Furnished,No,,6.4,5,2,"₹ 2,700",3.7,"₹ 42,12,000",7.6
Jaipur,Vidhyadhar Nagar,Independent House,1120,"₹ 4,300",1,3,8,East,Fully Furnished,Yes,,7.6,2,3,"₹ 3,300",4.3,"₹ 48,16,000",8.4
Amritsar,Ranjit Avenue,Independent House,800,"₹ 3,500",1,1,0,East,Unfurnished,Yes,,4,2,1,"₹ 1,500",2.5,"₹ 28,00,000",6
Amritsar,Lawrence Road,Independent House,840,"₹ 3,900",2,2,1,East,Semi-Furnished,No,,5.2,3,2,"₹ 2,100",3.1,"₹ 32,76,000",6.8
Amritsar,Mall Road,Independent House,880,"₹ 4,300",3,3,2,East,Fully Furnished,Yes,,6.4,4,3,"₹ 2,700",3.7,"₹ 37,84,000",7.6
Amritsar,Green Avenue,Independent House,920,"₹ 4,700",4,1,3,East,Unfurnished,No,,7.6,5,1,"₹ 3,300",4.3,"₹ 43,24,000",8.4
Amritsar,Majitha Road,Independent House,960,"₹ 5,100",1,2,4,East,Semi-Furnished,Yes,,8.8,2,2,"₹ 3,900",4.9,"₹ 48,96,000",9.2
Amritsar,Batala Road,Independent House,1000,"₹ 5,500",2,3,5,East,Fully Furnished,No,,4,3,3,"₹ 1,500",2.5,"₹ 55,00,000",6
Amritsar,Sharifpura,Independent House,1040,"₹ 3,500",3,1,6,East,Unfurnished,Yes,,5.2,4,1,"₹ 2,100",3.1,"₹ 36,40,000",6.8
Amritsar,Hall Bazaar,Independent House,1080,"₹ 3,900",4,2,7,East,Semi-Furnished,No,,6.4,5,2,"₹ 2,700",3.7,"₹ 42,12,000",7.6
Kolkata,Salt Lake,Independent House,800,"₹ 3,500",1,1,0,East,Unfurnished,Yes,,4,2,1,"₹ 1,500",2.5,"₹ 28,00,000",6
Kolkata,Ballygunge,Independent House,840,"₹ 3,900",2,2,1,East,Semi-Furnished,No,,5.2,3,2,"₹ 2,100",3.1,"₹ 32,76,000",6.8
Kolkata,Alipore,Independent House,880,"₹ 4,300",3,3,2,East,Fully Furnished,Yes,,6.4,4,3,"₹ 2,700",3.7,"₹ 37,84,000",7.6
Kolkata,Park Street,Independent House,920,"₹ 4,700",4,1,3,East,Unfurnished,No,,7.6,5,1,"₹ 3,300",4.3,"₹ 43,24,000",8.4
Kolkata,Behala,Independent House,960,"₹ 5,100",1,2,4,East,Semi-Furnished,Yes,,8.8,2,2,"₹ 3,900",4.9,"₹ 48,96,000",9.2
Kolkata,Garia,Independent House,1000,"₹ 5,500",2,3,5,East,Fully Furnished,No,,4,3,3,"₹ 1,500",2.5,"₹ 55,00,000",6
Kolkata,Dum Dum,Independent House,1040,"₹ 3,500",3,1,6,East,Unfurnished,Yes,,5.2,4,1,"₹ 2,100",3.1,"₹ 36,40,000",6.8
Kolkata,New Town,Independent House,1080,"₹ 3,900",4,2,7,East,Semi-Furnished,No,,6.4,5,2,"₹ 2,700",3.7,"₹ 42,12,000",7.6
Kolkata,Jadavpur,Independent House,1120,"₹ 4,300",1,3,8,East,Fully Furnished,Yes,,7.6,2,3,"₹ 3,300",4.3,"₹ 48,16,000",8.4
Kochi,Fort Kochi,Independent House,800,"₹ 3,500",1,1,0,East,Unfurnished,Yes,,4,2,1,"₹ 1,500",2.5,"₹ 28,00,000",6
Kochi,Mattancherry,Independent House,840,"₹ 3,900",2,2,1,East,Semi-Furnished,No,,5.2,3,2,"₹ 2,100",3.1,"₹ 32,76,000",6.8
Kochi,Kakkanad,Independent House,880,"₹ 4,300",3,3,2,East,Fully Furnished,Yes,,6.4,4,3,"₹ 2,700",3.7,"₹ 37,84,000",7.6
Kochi,Edappally,Independent House,920,"₹ 4,700",4,1,3,East,Unfurnished,No,,7.6,5,1,"₹ 3,300",4.3,"₹ 43,24,000",8.4
Kochi,Palarivattom,Independent House,960,"₹ 5,100",1,2,4,East,Semi-Furnished,Yes,,8.8,2,2,"₹ 3,900",4.9,"₹ 48,96,000",9.2
Kochi,Kaloor,Independent House,1000,"₹ 5,500",2,3,5,East,Fully Furnished,No,,4,3,3,"₹ 1,500",2.5,"₹ 55,00,000",6
Kochi,Vyttila,Independent House,1040,"₹ 3,500",3,1,6,East,Unfurnished,Yes,,5.2,4,1,"₹ 2,100",3.1,"₹ 36,40,000",6.8
Kochi,Thrippunithura,Independent House,1080,"₹ 3,900",4,2,7,East,Semi-Furnished,No,,6.4,5,2,"₹ 2,700",3.7,"₹ 42,12,000",7.6
Ahmedabad,Navrangpura,Independent House,800,"₹ 3,500",1,1,0,East,Unfurnished,Yes,,4,2,1,"₹ 1,500",2.5,"₹ 28,00,000",6
Ahmedabad,Satellite,Independent House,840,"₹ 3,900",2,2,1,East,Semi-Furnished,No,,5.2,3,2,"₹ 2,100",3.1,"₹ 32,76,000",6.8
Ahmedabad,Bodakdev,Independent House,880,"₹ 4,300",3,3,2,East,Fully Furnished,Yes,,6.4,4,3,"₹ 2,700",3.7,"₹ 37,84,000",7.6
Ahmedabad,Vastrapur,Independent House,920,"₹ 4,700",4,1,3,East,Unfurnished,No,,7.6,5,1,"₹ 3,300",4.3,"₹ 43,24,000",8.4
Ahmedabad,Maninagar,Independent House,960,"₹ 5,100",1,2,4,East,Semi-Furnished,Yes,,8.8,2,2,"₹ 3,900",4.9,"₹ 48,96,000",9.2
Ahmedabad,Paldi,Independent House,1000,"₹ 5,500",2,3,5,East,Fully Furnished,No,,4,3,3,"₹ 1,500",2.5,"₹ 55,00,000",6
Ahmedabad,Thaltej,Independent House,1040,"₹ 3,500",3,1,6,East,Unfurnished,Yes,,5.2,4,1,"₹ 2,100",3.1,"₹ 36,40,000",6.8
Ahmedabad,Prahlad Nagar,Independent House,1080,"₹ 3,900",4,2,7,East,Semi-Furnished,No,,6.4,5,2,"₹ 2,700",3.7,"₹ 42,12,000",7.6
Ahmedabad,Chandkheda,Independent House,1120,"₹ 4,300",1,3,8,East,Fully Furnished,Yes,,7.6,2,3,"₹ 3,300",4.3,"₹ 48,16,000",8.4
Indore,Vijay Nagar,Independent House,800,"₹ 3,500",1,1,0,East,Unfurnished,Yes,,4,2,1,"₹ 1,500",2.5,"₹ 28,00,000",6
Indore,Palasia,Independent House,840,"₹ 3,900",2,2,1,East,Semi-Furnished,No,,5.2,3,2,"₹ 2,100",3.1,"₹ 32,76,000",6.8
Indore,Rau,Independent House,880,"₹ 4,300",3,3,2,East,Fully Furnished,Yes,,6.4,4,3,"₹ 2,700",3.7,"₹ 37,84,000",7.6
Indore,Bhawarkua,Independent House,920,"₹ 4,700",4,1,3,East,Unfurnished,No,,7.6,5,1,"₹ 3,300",4.3,"₹ 43,24,000",8.4
Indore,Rajendra Nagar,Independent House,960,"₹ 5,100",1,2,4,East,Semi-Furnished,Yes,,8.8,2,2,"₹ 3,900",4.9,"₹ 48,96,000",9.2
Indore,Sudama Nagar,Independent House,1000,"₹ 5,500",2,3,5,East,Fully Furnished,No,,4,3,3,"₹ 1,500",2.5,"₹ 55,00,000",6
Indore,Saket,Independent House,1040,"₹ 3,500",3,1,6,East,Unfurnished,Yes,,5.2,4,1,"₹ 2,100",3.1,"₹ 36,40,000",6.8
Indore,MG Road,Independent House,1080,"₹ 3,900",4,2,7,East,Semi-Furnished,No,,6.4,5,2,"₹ 2,700",3.7,"₹ 42,12,000",7.6
